tanggal,ulasan,sentimen,ulasan_bersih
2025-01-02,Pelayanan di PMI Kota Cirebon sangat cepat dan petugasnya ramah.,Positif,layan pmi kota cirebon sangat cepat tugas ramah
2025-01-02,"Pelayanan sangat jelek dan buruk, petugas lambat menangani antrean.",Negatif,layan sangat jelek buruk tugas lambat tangan antre
2025-01-02,Saya donor darah rutin di sini. Pelayanan standar dan berjalan seperti biasa.,Netral,donor darah rutin sini layan standar jalan biasa
2025-01-03,Fasilitas ruang tunggu sangat nyaman dan bersih.,Positif,fasilitas ruang tunggu sangat nyaman bersih
2025-01-03,Kondisi ruang tunggu kotor dan sangat mengecewakan bagi pendonor.,Negatif,kondisi ruang tunggu kotor sangat kecewa donor
2025-01-04,Proses pendaftaran cepat dan petugas bekerja sangat baik.,Positif,proses daftar cepat tugas kerja sangat baik
2025-01-04,Saya kecewa dengan sikap kasar petugas di loket.,Negatif,kecewa sikap kasar tugas loket
2025-01-05,Kondisi ruang donor cukup baik. Tidak ada keluhan.,Netral,kondisi ruang donor cukup baik ada keluh
2025-01-05,Layanan prima! Proses tidak sampai 30 menit sudah selesai.,Positif,layan prima proses sampai menit selesai
2025-01-06,Sistem antrean sangat buruk dan membuat waktu tunggu menjadi lama.,Negatif,sistem antre sangat buruk buat waktu tunggu jadi lama
2025-01-06,PMI Kota Cirebon selalu memberikan pelayanan terbaik.,Positif,pmi kota cirebon selalu beri layan baik
2025-01-07,"Petugas kurang ramah, pelayanan jelek dan sangat mengecewakan.",Negatif,tugas kurang ramah layan jelek sangat kecewa
2025-01-07,Hanya mampir untuk donor darah. Prosesnya standar saja.,Netral,mampir donor darah proses standar
2025-01-08,Proses pengambilan darah sangat profesional dan tidak sakit.,Positif,proses ambil darah sangat profesional tidak sakit
2025-01-08,Fasilitas toilet kotor dan kondisi pelayanan cukup parah hari ini.,Negatif,fasilitas toilet kotor kondisi layan cukup parah hari
2025-01-09,Dokter dan perawat sangat ramah dan sabar menjelaskan prosedur.,Positif,dokter awat sangat ramah sabar jelas prosedur
2025-01-09,Respons petugas lambat sehingga pengalaman donor sangat buruk.,Negatif,respons tugas lambat alam donor sangat buruk
2025-01-10,Hari ini donor darah ke-10 saya. Berjalan normal.,Netral,hari donor darah saya jalan normal
2025-01-10,Sangat puas dengan pelayanan donor darah hari ini. Mantap.,Positif,sangat puas layan donor darah hari mantap
2025-01-11,"Pelayanan sangat mengecewakan, ruang observasi kotor dan tidak nyaman.",Negatif,layan sangat kecewa ruang observasi kotor tidak nyaman
2025-01-11,Tempatnya bersih dan petugasnya sangat membantu.,Positif,tempat bersih tugas sangat bantu
2025-01-12,Antrean panjang dibiarkan tanpa arahan dari petugas.,Negatif,antre panjang biar arah tugas
2025-01-12,Fasilitas mencukupi untuk proses donor darah rutin bulanan.,Netral,fasilitas cukup proses donor darah rutin bulan
2025-01-13,Cepat tanggap dan proses tensi darah dilakukan dengan sangat baik.,Positif,cepat tanggap proses tensi darah laku sangat baik
2025-01-13,Kualitas pelayanan buruk dan penanganan keluhan sangat lambat.,Negatif,kualitas layan buruk tangan keluh sangat lambat
2025-01-14,Apresiasi untuk petugas yang sangat edukatif saat screening donor.,Positif,apresiasi tugas sangat edukatif screening donor
2025-01-14,"Pengalaman donor parah, fasilitas kotor dan pelayanan tidak profesional.",Negatif,alam donor parah fasilitas kotor layan profesional
2025-01-15,Kunjungan ini cukup biasa dengan pelayanan yang normal.,Netral,kunjung cukup biasa layan normal
2025-01-15,"Layanan top, ruang bersih, dan proses donor cepat.",Positif,layan top ruang bersih proses donor cepat
2025-01-16,"Pelayanan hari ini sangat jelek, buruk, dan mengecewakan.",Negatif,layan hari sangat jelek buruk kecewa
2025-01-16,Pelayanan petugas lab sangat cekatan dan hasilnya cepat keluar.,Positif,layan tugas lab sangat cekat hasil cepat keluar
2025-01-17,Terlalu lama menunggu giliran dipanggil ke bed donor.,Negatif,terlalu lama tunggu gilir panggil bed donor
2025-01-17,"Tidak ada yang spesial, semuanya sesuai prosedur.",Netral,ada spesial semua sesuai prosedur
2025-01-18,Selalu senang donor di sini karena petugasnya penuh empati.,Positif,selalu senang donor sini tugas penuh empati
2025-01-18,Petugas kurang informatif ketika ditanya syarat donor apheresis.,Negatif,tugas kurang informatif tanya syarat donor apheresis
2025-01-19,Pelayanan cepat tidak perlu antre panjang hari minggu ini.,Positif,layan cepat perlu antre panjang hari minggu
2025-01-19,Bingkisan yang diberikan kurang bervariasi dibanding tahun lalu.,Negatif,bingkis beri kurang variasi banding tahun lalu
2025-01-20,Biasa saja tidak ada yang istimewa dari pelayanannya.,Netral,biasa tidak yang istimewa layan
2025-01-20,Kebersihan bed donor sangat dijaga dan selalu diganti alasnya.,Positif,bersih bed donor sangat jaga selalu ganti alas
2025-01-21,Petugas screening terkesan jutek dan kurang senyum.,Negatif,tugas screening kes jutek kurang senyum
2025-01-21,Sangat efisien dari mulai daftar sampai selesai donor.,Positif,sangat efisien mulai daftar selesai donor
2025-01-22,Pelayanan parah karena petugas kurang ramah dan tidak sigap.,Negatif,layan parah tugas kurang ramah tidak sigap
2025-01-22,Pelayanan standar dan proses berjalan seperti biasa.,Netral,layan standar proses jalan biasa
2025-01-23,Petugas sangat ramah melayani saya yang baru pertama kali donor.,Positif,tugas sangat ramah layan yang baru pertama kali donor
2025-01-23,Ruangan terlalu sempit waktu banyak yang mengantre bersamaan.,Negatif,ruang terlalu sempit waktu banyak antre sama
2025-01-24,Sangat profesional dalam menangani pendonor yang sempat pusing.,Positif,sangat profesional tangan donor sempat pusing
2025-01-24,Lambat sekali pelayanannya padahal saya sedang buru-buru.,Negatif,lambat sekali layan padahal sedang buru buru
2025-01-25,Prosedur berjalan sesuai standar operasional yang ada.,Netral,prosedur jalan sesuai standar operasional ada
2025-01-25,Saya sangat apresiasi kebersihan toilet dan ruang tunggu PMI.,Positif,sangat apresiasi bersih toilet ruang tunggu pmi
2025-01-26,Sistem pemanggilan antrean suaranya kurang terdengar jelas.,Negatif,sistem panggil antre suara kurang dengar jelas
2025-01-26,Petugas dengan sigap membantu mengambilkan minum setelah donor.,Positif,tugas sigap bantu ambil minum donor
2025-01-27,Agak kecewa dengan lamanya proses cek tensi darah.,Negatif,kecewa lama proses cek tensi darah
2025-01-27,Tidak ada masalah sejauh ini saya sering donor di sini.,Netral,ada masalah jauh saya sering donor sini
2025-01-28,Pengalaman donor darah yang menyenangkan. Terus tingkatkan.,Positif,alam donor darah senang terus tingkat
2025-01-28,Petugas kurang tanggap saat saya menanyakan jadwal mobil unit keliling.,Negatif,tugas kurang tanggap saya tanya jadwal mobil unit keliling
2025-01-29,Sangat cepat tanpa kendala langsung masuk ke ruang donor.,Positif,sangat cepat kendala langsung masuk ruang donor
2025-01-29,Sirkulasi udara di ruang tunggu tolong diperhatikan lagi agar tidak pengap.,Negatif,sirkulasi udara ruang tunggu perhati agar pengap
2025-01-30,Semua berjalan seperti biasa tanpa perubahan berarti.,Netral,semua jalan biasa ubah arti
2025-01-30,Daya tanggap petugas sangat baik dan langsung mengarahkan pendonor.,Positif,daya tanggap tugas sangat baik langsung arah donor
2025-01-31,Saya harus antre dua kali karena sistem komputer sempat mati.,Negatif,harus antre kali sistem komputer sempat mati
2025-01-31,Fasilitas pelayanan sangat memadai dan petugasnya sangat terampil.,Positif,fasilitas layan sangat pada tugas sangat terampil
2025-01-31,Pelayanan lumayan sesuai dengan harapan biasa.,Netral,layan lumayan sesuai harap biasa
2025-02-01,Sangat nyaman donor di sini fasilitasnya sangat bersih dan memadai.,Positif,sangat nyaman donor sini fasilitas sangat bersih pada
2025-02-01,Proses berjalan seperti biasa saya rutin donor per 3 bulan.,Netral,proses jalan biasa rutin donor per bulan
2025-02-02,Proses donor lambat dan respons petugas sangat mengecewakan.,Negatif,proses donor lambat respons tugas sangat kecewa
2025-02-02,Ruangan bersih dan AC dingin bikin pendonor merasa nyaman.,Positif,ruang bersih ac dingin bikin donor rasa nyaman
2025-02-03,Pengambilan darah sangat cepat dan minim rasa sakit.,Positif,ambil darah sangat cepat minim rasa sakit
2025-02-03,"Antrean panjang, sistem lelet, dan petugas tidak sigap.",Negatif,antre panjang sistem lelet tugas sigap
2025-02-04,Tidak ada kendala pelayanan berjalan dengan standar operasional yang ada.,Netral,ada kendala layan jalan standar operasional ada
2025-02-04,Petugas pendaftaran sangat informatif menjelaskan alur donor.,Positif,tugas daftar sangat informatif jelas alur donor
2025-02-05,Sayang sekali stok bingkisan habis padahal saya datang lebih awal.,Negatif,sayang sekali stok bingkis habis padahal datang lebih awal
2025-02-05,Selalu puas dengan fasilitas PMI Kota Cirebon yang semakin baik.,Positif,selalu puas fasilitas pmi kota cirebon makin baik
2025-02-06,Dokternya ramah dan sangat teliti saat memeriksa tekanan darah saya.,Positif,dokter ramah sangat teliti periksa tekan darah
2025-02-06,Pelayanan lambat sepertinya sedang kekurangan petugas hari ini.,Negatif,layan lambat seperti sedang kurang tugas hari
2025-02-07,Hanya mampir untuk donor darah sepulang kerja. Pelayanan normal.,Netral,mampir donor darah pulang kerja layan normal
2025-02-07,Sangat efisien dari daftar sampai selesai hanya butuh waktu sebentar.,Positif,sangat efisien daftar selesai butuh waktu sebentar
2025-02-08,Petugas pengambilan darah terkesan terburu-buru dan kurang ramah.,Negatif,tugas ambil darah kes buru buru kurang ramah
2025-02-08,Sangat terbantu dengan arahan petugas yang komunikatif.,Positif,sangat bantu arah tugas komunikatif
2025-02-09,Hari ini donor darah berjalan seperti biasa tanpa hambatan.,Netral,hari donor darah jalan biasa hambat
2025-02-09,Fasilitas tempat tidur sangat nyaman dan bersih.,Positif,fasilitas tempat tidur sangat nyaman bersih
2025-02-10,Lama sekali menunggu hasil cek HB tolong dipercepat.,Negatif,lama sekali tunggu hasil cek hb cepat
2025-02-10,Kualitas pelayanan patut diacungi jempol. Terima kasih PMI.,Positif,kualitas layan patut acung jempol terima kasih pmi
2025-02-11,Senang bisa donor di sini karena petugasnya ramah dan murah senyum.,Positif,senang donor sini tugas ramah murah senyum
2025-02-11,Ruang tunggu sangat pengap kipas atau AC sepertinya mati.,Negatif,ruang tunggu sangat pengap kipas ac seperti mati
2025-02-12,Pengalaman donor biasa saja tetapi tetap berjalan.,Netral,alam donor biasa tetapi tetap jalan
2025-02-12,Sangat terorganisir dengan baik tidak ada penumpukan antrean.,Positif,sangat organisir baik ada tumpu antre
2025-02-13,Jarumnya dipasang kurang pas sehingga tangan saya agak memar.,Negatif,jarum pasang kurang pas tangan agak memar
2025-02-13,Respons petugas sangat cepat ketika saya merasa sedikit pusing.,Positif,respons tugas sangat cepat saya rasa sedikit pusing
2025-02-14,Kebersihan lingkungan gedung sangat terjaga. Nyaman sekali.,Positif,bersih lingkung gedung sangat jaga nyaman sekali
2025-02-14,Kecewa karena pelayanan ditutup lebih awal padahal jam operasional belum habis.,Negatif,kecewa layan tutup lebih awal padahal jam operasional habis
2025-02-15,Prosedur screening dilakukan dengan standar yang biasa diterapkan.,Netral,prosedur screening laku standar biasa terap
2025-02-15,Layanan prima petugas dengan sabar melayani banyak pendonor.,Positif,layan prima tugas sabar layan banyak donor
2025-02-16,Sistem pemanggilan tidak urut banyak yang baru datang malah dipanggil duluan.,Negatif,sistem panggil urut banyak baru datang malah panggil duluan
2025-02-16,Tempat parkir tertata rapi dan satpamnya membantu mengarahkan.,Positif,tempat parkir tata rapi satpam bantu arah
2025-02-17,Standar saja sama seperti pengalaman donor saya sebelumnya.,Netral,standar sama alam donor belum
2025-02-17,Proses donor sangat lancar petugas sangat terampil mencari letak vena.,Positif,proses donor sangat lancar tugas sangat terampil cari letak vena
2025-02-18,Ada beberapa petugas yang asyik mengobrol sendiri sehingga pendonor dicuekin.,Negatif,beberapa tugas asyik obrol sendiri donor dicuekin
2025-02-18,Secara keseluruhan pelayanan memuaskan dan fasilitas lengkap.,Positif,seluruh layan muas fasilitas lengkap
2025-02-19,Sangat apresiasi dengan keramahan semua staf di PMI Kota Cirebon.,Positif,sangat apresiasi ramah semua staf pmi kota cirebon
2025-02-19,Banyak loket administrasi yang tutup padahal antrean sedang panjang.,Negatif,banyak loket administrasi tutup padahal antre sedang panjang
2025-02-20,Tidak ada masalah pelayanan standar pelayanan publik pada umumnya.,Netral,ada masalah layan standar layan publik umum
2025-02-20,Ruangannya wangi dan higienis bikin tidak ragu untuk donor rutin.,Positif,ruang wangi higienis bikin ragu donor rutin
2025-02-21,Kurang nyaman dengan suara petugas yang memanggil antrean dengan nada keras.,Negatif,kurang nyaman suara tugas panggil antre nada keras
2025-02-21,Cepat tanggap dan prosesnya tidak bertele-tele. Luar biasa.,Positif,cepat tanggap proses tele tele luar biasa
2025-02-22,Petugas screening sangat edukatif memberikan informasi kesehatan.,Positif,tugas screening sangat edukatif beri informasi sehat
2025-02-22,"Fasilitas kotor, bau, dan kualitas pelayanan jelek.",Negatif,fasilitas kotor bau kualitas layan jelek
2025-02-23,Biasa saja pelayanannya cukup untuk standar UDD.,Netral,biasa layan cukup standar udd
2025-02-23,Fasilitas tunggu dilengkapi air minum yang mudah diakses sangat bagus.,Positif,fasilitas tunggu lengkap air minum mudah akses sangat bagus
2025-02-24,Saya kecewa menunggu lama untuk pelayanan yang sangat lambat.,Negatif,kecewa tunggu lama layan sangat lambat
2025-02-24,Selalu memberikan pengalaman donor yang menyenangkan dan aman.,Positif,selalu beri alam donor senang aman
2025-02-24,Proses pengecekan kesehatan berjalan normal.,Netral,proses kece sehat jalan normal
2025-02-25,Tenaga medis sangat profesional dan mematuhi protokol sterilisasi.,Positif,tenaga medis sangat profesional patuh protokol sterilisasi
2025-02-25,Tolong petugas loket lebih ramah lagi saat menjawab pertanyaan.,Negatif,tugas loket lebih ramah saat jawab tanya
2025-02-25,Tidak terasa sakit sama sekali saat donor petugasnya hebat.,Positif,asa sakit sama sekali donor tugas hebat
2025-02-26,Layanan yang diberikan sama seperti bulan-bulan lalu.,Netral,layan beri sama bulan bulan lalu
2025-02-26,Sangat memuaskan antrean tertib dan kursi tunggunya banyak.,Positif,sangat muas antre tertib kursi tunggu banyak
2025-02-26,Agak kecewa karena alat cek HB sempat bermasalah sehingga jadi lama.,Negatif,kecewa alat cek hb sempat masalah jadi lama
2025-02-27,Semua staf sangat membantu dan mengarahkan dengan baik.,Positif,semua staf sangat bantu arah baik
2025-02-27,Saya merasa diabaikan di ruang tunggu karena tidak ada kejelasan urutan.,Negatif,rasa abai ruang tunggu tidak jelas urut
2025-02-27,PMI Kota Cirebon the best! Layanannya sangat prima.,Positif,pmi kota cirebon the best layan sangat prima
2025-02-28,Selesai donor tepat waktu pelayanan berjalan standar.,Netral,selesai donor tepat waktu layan jalan standar
2025-02-28,Fasilitasnya top pelayanan cepat sukses selalu untuk PMI.,Positif,fasilitas top layan cepat sukses selalu pmi
2025-02-28,Bingkisan snacknya basi mohon diperhatikan kembali masa kedaluwarsanya.,Negatif,bingkis snacknya basi mohon perhati masa kedaluwarsa
2025-03-01,Pelayanan mantap dan cepat. Petugasnya sangat ramah.,Positif,layan mantap cepat tugas sangat ramah
2025-03-01,Seperti biasa saya donor rutin di sini. Proses standar.,Netral,biasa donor rutin sini proses standar
2025-03-02,Antrean terlalu panjang karena loket pendaftaran cuma buka satu.,Negatif,antre terlalu panjang loket daftar cuma buka satu
2025-03-02,Fasilitas nyaman dan bersih. Saya sangat puas.,Positif,fasilitas nyaman bersih sangat puas
2025-03-03,Pengambilan darah tidak terasa sakit sama sekali. Hebat.,Positif,ambil darah asa sakit sama sekali hebat
2025-03-03,Sangat lambat pelayanannya hari ini. Kecewa sekali.,Negatif,sangat lambat layan hari kecewa sekali
2025-03-04,Tidak ada kendala. Pelayanan berjalan lancar.,Netral,ada kendala layan jalan lancar
2025-03-04,Petugas sangat tanggap dan informatif kepada pendonor.,Positif,tugas sangat tanggap informatif donor
2025-03-05,Ruang tunggu panas dan AC sepertinya mati.,Negatif,ruang tunggu panas ac seperti mati
2025-03-05,Prosedur berjalan cepat dan tidak bertele-tele.,Positif,prosedur jalan cepat tidak tele tele
2025-03-06,Layanan the best PMI Kota Cirebon selalu di hati.,Positif,layan the best pmi kota cirebon selalu hati
2025-03-06,Kualitas kebersihan jelek karena banyak area kotor dan bau.,Negatif,kualitas bersih jelek banyak area kotor bau
2025-03-07,Rutinitas donor 3 bulanan saya. Semua berjalan normal.,Netral,rutinitas donor bulan semua jalan normal
2025-03-07,Dokternya sangat edukatif memberikan saran kesehatan.,Positif,dokter sangat edukatif beri saran sehat
2025-03-08,Lama di bagian tensi darah padahal yang antre sedikit.,Negatif,lama bagi tensi darah padahal antre sedikit
2025-03-08,Sangat efisien. Datang langsung ditangani dengan baik.,Positif,sangat efisien datang langsung tangan baik
2025-03-09,Hanya donor darah karena kebetulan lewat. Pelayanan cukup baik.,Netral,donor darah betul lewat layan cukup baik
2025-03-09,Kebersihan bed donor sangat dijaga. Bikin nyaman.,Positif,bersih bed donor sangat jaga bikin nyaman
2025-03-10,Saya melihat petugas tidak mengganti sarung tangan saat menangani pendonor sebelah saya. Ini sangat fatal untuk sterilitas!,Negatif,lihat tugas ganti sarung tangan tangan donor belah ini sangat fatal sterilitas
2025-03-10,Petugas langsung sigap saat saya agak pusing usai donor.,Positif,tugas langsung sigap saya pusing usai donor
2025-03-11,Sangat terorganisir dengan rapi dari awal sampai akhir.,Positif,sangat organisir rapi awal akhir
2025-03-11,Proses pendaftaran buruk karena komputer lelet dan sering gagal.,Negatif,proses daftar buruk komputer lelet sering gagal
2025-03-12,Donor darah berjalan lancar tidak ada yang spesial.,Netral,donor darah jalan lancar ada spesial
2025-03-12,Sangat apresiasi keramahan petugas pendaftaran.,Positif,sangat apresiasi ramah tugas daftar
2025-03-13,Jarum suntik dipasang kurang pas jadi agak memar.,Negatif,jarum suntik pasang kurang pas jadi memar
2025-03-13,Selalu senang berdonor di PMI sini. Layanannya top.,Positif,selalu senang donor pmi sini layan top
2025-03-14,Ruangan sangat bersih dan wanginya menenangkan.,Positif,ruang sangat bersih wangi tenang
2025-03-14,"Pelayanan parah, buruk, dan jauh dari harapan pendonor.",Negatif,layan parah buruk jauh harap donor
2025-03-15,Biasa saja. Standar operasional terpenuhi.,Netral,biasa standar operasional penuh
2025-03-15,Terima kasih PMI Cirebon. Pelayanannya sangat memuaskan.,Positif,terima kasih pmi cirebon layan sangat muas
2025-03-16,Pelayanan sangat lambat. Mohon diperbaiki kinerjanya.,Negatif,layan sangat lambat mohon baik kerja
2025-03-16,Daya tanggap petugas luar biasa. Sangat membantu.,Positif,daya tanggap tugas luar biasa sangat bantu
2025-03-17,Suasana wajar dan proses donor berjalan seperti biasa.,Netral,suasana wajar proses donor jalan biasa
2025-03-17,Tempat parkir luas dan aman. Fasilitas lengkap.,Positif,tempat parkir luas aman fasilitas lengkap
2025-03-18,Kecewa dengan lamanya proses screening awal.,Negatif,kecewa lama proses screening awal
2025-03-18,Petugas sabar menjawab semua pertanyaan saya.,Positif,tugas sabar jawab semua tanya
2025-03-19,Sangat cepat. Kurang dari setengah jam sudah beres.,Positif,sangat cepat kurang tengah jam beres
2025-03-19,Suasana ruang tunggu berisik karena petugas ngobrol sendiri.,Negatif,suasana ruang tunggu berisik tugas ngobrol sendiri
2025-03-20,Tidak ada komplain. Proses donor selesai tepat waktu.,Netral,ada komplain proses donor selesai tepat waktu
2025-03-20,Prosedurnya sangat jelas dan mudah dipahami.,Positif,prosedur sangat jelas mudah paham
2025-03-21,Kantong darah saya dibiarkan di meja biasa tidak langsung masuk coolbox pendingin setelah diambil. Kualitasnya bisa rusak tolong ikuti SOP!,Negatif,kantong darah biar meja biasa langsung masuk coolbox dingin ambil kualitas rusak ikut sop
2025-03-21,Sangat memuaskan. Kursi tunggu cukup banyak dan nyaman.,Positif,sangat muas kursi tunggu cukup banyak nyaman
2025-03-22,Tenaga medis bekerja sangat profesional dan higienis.,Positif,tenaga medis kerja sangat profesional higienis
2025-03-22,Antrean di bagian lab darah sangat lama dan menumpuk.,Negatif,antre bagi lab darah sangat lama tumpuk
2025-03-23,"Pelayanan lumayan, tidak ada keluhan penting.",Netral,layan lumayan ada keluh penting
2025-03-23,Makanan ringan setelah donor sangat enak dan bervariasi.,Positif,makan ringan donor sangat enak variasi
2025-03-24,Sistem pemanggilan kurang keras suaranya.,Negatif,sistem panggil kurang keras suara
2025-03-24,"Pelayanan cepat, fasilitas bagus, dan pengalaman memuaskan.",Positif,layan cepat fasilitas bagus alam muas
2025-03-25,Proses cek HB lancar tanpa kendala.,Netral,proses cek hb lancar kendala
2025-03-25,Petugas pendaftaran sangat responsif melayani keluhan.,Positif,tugas daftar sangat responsif layan keluh
2025-03-25,"Pengalaman donor biasa saja, tidak ada yang spesial.",Netral,alam donor biasa tidak yang spesial
2025-03-26,Fasilitasnya sangat mendukung kenyamanan pendonor.,Positif,fasilitas sangat dukung nyaman donor
2025-03-26,Kecewa pelayanan tutup lebih cepat dari jadwal.,Negatif,kecewa layan tutup lebih cepat jadwal
2025-03-26,Sangat salut dengan dedikasi para petugas PMI.,Positif,sangat salut dedikasi tugas pmi
2025-03-27,"Petugasnya ramah, sopan, dan sangat membantu.",Positif,tugas ramah sopan sangat bantu
2025-03-27,Saya datang langsung dilayani. Biasa saja.,Netral,datang langsung layan biasa
2025-03-27,Jarum terasa sakit dan bekasnya bengkak.,Negatif,jarum asa sakit bekas bengkak
2025-03-28,Petugas sigap memberi air saat saya pusing.,Positif,tugas sigap beri air saya pusing
2025-03-28,Ruang observasi nyaman sekali.,Positif,ruang observasi nyaman sekali
2025-03-29,Sangat lambat penanganannya saat ramai pengunjung.,Negatif,sangat lambat tangan ramai unjung
2025-03-30,Semuanya sudah berjalan sesuai standar pelayanan UDD.,Netral,semua jalan sesuai standar layan udd
2025-03-31,Saya sangat puas mendonorkan darah di PMI Cirebon.,Positif,sangat puas donor darah pmi cirebon
2025-04-01,Pelayanan di awal bulan sangat prima dan tidak mengecewakan.,Positif,layan awal bulan sangat prima tidak kecewa
2025-04-01,Petugas pendaftaran sangat cekatan sehingga antrean cepat terurai.,Positif,tugas daftar sangat cekat antre cepat urai
2025-04-02,Saya rutin donor darah di sini. Layanannya standar dan normal.,Netral,rutin donor darah sini layan standar normal
2025-04-02,Saya melihat petugas tidak mengganti sarung tangan medis saat mengambil sampel darah pendonor. SOP infeksi tolong dijaga ketat!,Negatif,lihat tugas ganti sarung tangan medis ambil sampel darah donor sop infeksi jaga ketat
2025-04-03,Jarum dipasang dengan sangat ahli tidak terasa sakit sedikit pun.,Positif,jarum pasang sangat ahli asa sakit sedikit
2025-04-03,Mesin pencetak antrean rusak jadi harus antre manual yang memakan waktu.,Negatif,mesin cetak antre rusak jadi antre manual makan waktu
2025-04-04,Sangat efisien dari daftar sampai selesai tidak butuh waktu lama.,Positif,sangat efisien daftar selesai butuh waktu lama
2025-04-04,Proses donor normal dan fasilitasnya cukup.,Netral,proses donor normal fasilitas cukup
2025-04-04,Petugas sangat edukatif menjelaskan pentingnya donor darah.,Positif,tugas sangat edukatif jelas penting donor darah
2025-04-05,Kualitas pelayanan bagus dan petugas sangat profesional.,Positif,kualitas layan bagus tugas sangat profesional
2025-04-05,Sistem pendaftaran dengan layar digital sangat mempermudah alur.,Positif,sistem daftar layar digital sangat mudah alur
2025-04-06,Ruang tunggu agak panas karena ada satu AC yang sepertinya bocor.,Negatif,ruang tunggu panas ada satu ac seperti bocor
2025-04-06,Dokter screening sangat teliti memeriksa tekanan darah saya.,Positif,dokter screening sangat teliti periksa tekan darah
2025-04-07,Sangat puas dengan keramahan dan senyum para staf PMI Cirebon.,Positif,sangat puas ramah senyum staf pmi cirebon
2025-04-07,Hanya mampir untuk donor rutin. Pelayanan cukup memadai.,Netral,mampir donor rutin layan cukup pada
2025-04-08,Sangat responsif melayani keluhan dan kebutuhan pendonor.,Positif,sangat responsif layan keluh butuh donor
2025-04-08,Sangat terorganisir dengan rapi dari awal kedatangan sampai pulang.,Positif,sangat organisir rapi awal datang pulang
2025-04-09,Petugas di loket depan kurang ramah saat menjawab pertanyaan.,Negatif,tugas loket depan kurang ramah jawab tanya
2025-04-09,Bed donor selalu dibersihkan setiap kali berganti orang. Sangat steril.,Positif,bed donor selalu bersih kali ganti orang sangat steril
2025-04-10,Layanan 24 jam sangat membantu kami yang baru pulang kerja malam.,Positif,layan jam sangat bantu yang baru pulang kerja malam
2025-04-10,Prosedur cukup jelas dan berlangsung normal.,Netral,prosedur cukup jelas langsung normal
2025-04-10,Sangat salut dengan dedikasi para tenaga kesehatan di PMI.,Positif,sangat salut dedikasi tenaga sehat pmi
2025-04-11,Loket pelayanan kurang personel sehingga antrean jadi melambat.,Negatif,loket layan kurang personel antre jadi lambat
2025-04-11,Pelayanan bagus dan petugas ramah saat membantu pendonor.,Positif,layan bagus tugas ramah bantu donor
2025-04-12,Alat yang digunakan selalu ditunjukkan masih tersegel rapi.,Positif,alat guna selalu tunjuk segel rapi
2025-04-12,Saya merasa sangat dihargai sebagai pendonor oleh petugas medis.,Positif,rasa sangat harga donor tugas medis
2025-04-13,Standar operasional terpenuhi dengan baik dan memadai.,Netral,standar operasional penuh baik pada
2025-04-13,Kapas dan plester ditutup dengan sangat rapi dan darah berhenti total.,Positif,kapas plester tutup sangat rapi darah henti total
2025-04-14,"Layanan PMI hari ini jelek, lelet, dan membuang waktu.",Negatif,layan pmi hari jelek lelet buang waktu
2025-04-14,Fasilitasnya sangat mendukung kenyamanan pengunjung yang datang.,Positif,fasilitas sangat dukung nyaman unjung datang
2025-04-15,Petugas ramah ketika menjelaskan prosedur donor darah.,Positif,tugas ramah jelas prosedur donor darah
2025-04-15,Pelayanan memuaskan dan perawatnya murah senyum semua.,Positif,layan muas awat murah senyum semua
2025-04-15,Pelayanan cukup dan tidak ada kejadian khusus.,Netral,layan cukup tidak jadi khusus
2025-04-16,Petugas dengan sigap membantu mengambilkan air minum hangat.,Positif,tugas sigap bantu ambil air minum hangat
2025-04-16,Sangat merekomendasikan tempat ini bagi yang ingin rutin berdonor.,Positif,sangat rekomendasi tempat bagi ingin rutin donor
2025-04-17,Toilet kotor dan basah tolong petugas *cleaning service* lebih sigap.,Negatif,toilet kotor basah tugas cleaning service lebih sigap
2025-04-17,Pelayanan dari ujung ke ujung sangat sopan dan beretika tinggi.,Positif,layan ujung ujung sangat sopan etika tinggi
2025-04-18,Sangat efisien prosesnya tidak membuang waktu libur saya.,Positif,sangat efisien proses buang waktu libur
2025-04-18,Tidak ada yang spesial dari kunjungan donor kali ini.,Netral,ada spesial kunjung donor kali
2025-04-19,Apresiasi untuk satpam yang sangat membantu mengarahkan parkir.,Positif,apresiasi satpam sangat bantu arah parkir
2025-04-19,Banyak edukasi menarik yang tertempel rapi di ruang tunggu.,Positif,banyak edukasi tarik tempel rapi ruang tunggu
2025-04-20,Prosesnya cepat sekali dan petugasnya sangat ramah.,Positif,proses cepat sekali tugas sangat ramah
2025-04-20,"Proses administrasi buruk, parah, dan tidak tertib.",Negatif,proses administrasi buruk parah tidak tertib
2025-04-20,Sangat memuaskan antrean tertib dan kursi tunggunya empuk.,Positif,sangat muas antre tertib kursi tunggu empuk
2025-04-21,Standar kesehatan terjaga dengan baik. Kunjungan rutin berjalan mulus.,Netral,standar sehat jaga baik kunjung rutin jalan mulus
2025-04-21,Petugas handal sekali vena saya yang tersembunyi bisa langsung ketemu.,Positif,tugas handal sekali vena yang sembunyi langsung ketemu
2025-04-22,Sangat apresiasi kebersihan musala yang tersedia di lobi.,Positif,sangat apresiasi bersih musala sedia lobi
2025-04-22,Layanan prima. Fasilitas gedung baru ini memberikan kenyamanan ekstra.,Positif,layan prima fasilitas gedung baru beri nyaman ekstra
2025-04-23,Suasana berisik karena volume TV terlalu keras memekakkan telinga.,Negatif,suasana berisik volume tv terlalu keras pekak telinga
2025-04-23,Pengalaman donor darah yang menyenangkan. Akan terus donor di sini.,Positif,alam donor darah senang terus donor sini
2025-04-24,Donor rutin lancar tanpa kendala. Tidak ada masalah berarti.,Netral,donor rutin lancar kendala ada masalah arti
2025-04-24,Sangat puas dengan pelayanan yang cepat dan tepat sasaran.,Positif,sangat puas layan cepat tepat sasar
2025-04-25,Ruangan pelayanan terasa sangat higienis bebas dari debu.,Positif,ruang layan asa sangat higienis bebas debu
2025-04-25,Tempat donor keren dengan layanan yang sangat baik.,Positif,tempat donor keren layan sangat baik
2025-04-25,Tolong sediakan lebih banyak tempat sampah di area luar gedung.,Negatif,sedia lebih banyak tempat sampah area luar gedung
2025-04-26,Satpam sangat cepat tanggap memberikan arahan bagi kendaraan.,Positif,satpam sangat cepat tanggap beri arah kendara
2025-04-26,Proses observasi pasca donor sangat diperhatikan dengan baik.,Positif,proses observasi pasca donor sangat perhati baik
2025-04-27,Saya merasa cukup dengan pelayanan hari ini.,Netral,rasa cukup layan hari
2025-04-27,Sangat informatif saat saya tanya soal jadwal donor keliling.,Positif,sangat informatif saya tanya soal jadwal donor keliling
2025-04-28,Dokter sangat teliti memeriksa tekanan darah dan riwayat obat.,Positif,dokter sangat teliti periksa tekan darah riwayat obat
2025-04-28,Ruangan agak berisik karena petugas saling mengobrol dengan keras.,Negatif,ruang berisik tugas saling obrol keras
2025-04-29,Pelayanan di hari libur tetap maksimal dan penuh semangat.,Positif,layan hari libur tetap maksimal penuh semangat
2025-04-29,Sangat menghargai pelayanan petugas hari ini. Mantap sekali.,Positif,sangat harga layan tugas hari mantap sekali
2025-04-30,Saya menilai pelayanan hari ini lumayan saja.,Netral,nilai layan hari lumayan
2025-04-30,Fasilitasnya top dan kualitas layanannya memang sangat teruji.,Positif,fasilitas top kualitas layan memang sangat uji
2025-05-01,Pelayanan awal bulan Mei yang sangat cepat dan memuaskan hati.,Positif,layan awal bulan mei sangat cepat muas hati
2025-05-01,Ruangan sejuk dan suasananya bikin rileks sebelum diambil darah.,Positif,ruang sejuk suasana bikin rileks ambil darah
2025-05-02,Biasa saja layaknya pelayanan instansi publik pada umumnya.,Netral,biasa layak layan instansi publik umum
2025-05-02,Petugas pendaftaran salah menginput golongan darah saya di form pendaftaran. Tolong perhatikan karena ini sangat fatal jika ditransfusikan!,Negatif,tugas daftar salah menginput golong darah di form daftar perhati ini sangat fatal transfusi
2025-05-03,Sangat terkesan dengan fasilitas gedung yang rapi dan kekinian.,Positif,sangat kes fasilitas gedung rapi kini
2025-05-03,Alat-alat medis yang digunakan selalu ditunjukkan segelnya masih utuh.,Positif,alat alat medis guna selalu tunjuk segel utuh
2025-05-04,Sangat cepat daftar via mesin antrean mandiri sangat efisien.,Positif,sangat cepat daftar via mesin antre mandiri sangat efisien
2025-05-04,Petugas kurang ramah dan terlihat kelelahan saat melayani antrean.,Negatif,tugas kurang ramah lihat lelah layan antre
2025-05-05,Mendonorkan darah jadi rutinitas yang menyenangkan berkat staf PMI.,Positif,donor darah jadi rutinitas senang berkat staf pmi
2025-05-05,Proses berjalan normal sesuai prosedur yang berlaku.,Netral,proses jalan normal sesuai prosedur laku
2025-05-05,Fasilitas lengkap dan prosedur kebersihan selalu dijaga dengan ketat.,Positif,fasilitas lengkap prosedur bersih selalu jaga ketat
2025-05-06,Sangat terbantu dengan informasi ketersediaan darah di ruang lobi.,Positif,sangat bantu informasi sedia darah ruang lobi
2025-05-06,Proses donor berjalan normal seperti biasa tidak ada kendala.,Netral,proses donor jalan normal biasa ada kendala
2025-05-07,Antrean panjang tanpa sistem yang jelas sangat mengecewakan.,Negatif,antre panjang sistem jelas sangat kecewa
2025-05-07,Layanannya sangat berkelas dan profesional setara rumah sakit.,Positif,layan sangat kelas profesional tara rumah sakit
2025-05-08,Sangat edukatif banyak *banner* informasi kesehatan yang berguna.,Positif,sangat edukatif banyak banner informasi sehat guna
2025-05-08,Sangat mengapresiasi kinerja seluruh petugas PMI yang tak kenal lelah.,Positif,sangat apresiasi kerja seluruh tugas pmi tak kenal lelah
2025-05-09,Pelayanannya cepat jadi saya bisa langsung kembali beraktivitas.,Positif,layan cepat jadi bisa langsung aktivitas
2025-05-09,Kualitas layanan standar dan alur pendaftaran normal.,Netral,kualitas layan standar alur daftar normal
2025-05-10,Ruangan sangat bersih bebas dari debu dan lantainya mengkilap.,Positif,ruang sangat bersih bebas debu lantai kilap
2025-05-10,"Pelayanan buruk sekali, saya menyesal datang ke sini.",Negatif,layan buruk sekali sesal datang sini
2025-05-10,Dokter jaga selalu siaga melayani konsultasi kesehatan saya.,Positif,dokter jaga selalu siaga layan konsultasi sehat
2025-05-11,Sangat mudah proses pendaftarannya tidak membingungkan sama sekali.,Positif,sangat mudah proses daftar bingung sama sekali
2025-05-11,Antrean tertib dan kursi ruang tunggunya sangat memadai.,Positif,antre tertib kursi ruang tunggu sangat pada
2025-05-12,Selesai donor tepat waktu tidak ada yang terlalu spesial.,Netral,selesai donor tepat waktu ada terlalu spesial
2025-05-12,Kapas dan plester ditutup dengan sangat rapi dan darah tidak rembes.,Positif,kapas plester tutup sangat rapi darah rembes
2025-05-13,Stok bingkisan habis padahal saya pendonor rombongan pagi.,Negatif,stok bingkis habis padahal donor rombong pagi
2025-05-13,Petugas cepat tanggap menangani pendonor yang terlihat pucat.,Positif,tugas cepat tanggap tangan donor lihat pucat
2025-05-14,Pelayanan memuaskan dari waktu ke waktu terus meningkat pesat.,Positif,layan muas waktu waktu terus tingkat pesat
2025-05-14,Ruangan observasi sangat nyaman dilengkapi televisi hiburan.,Positif,ruang observasi sangat nyaman lengkap televisi hibur
2025-05-15,Perawat sangat sopan dan selalu meminta izin sebelum menyuntik.,Positif,awat sangat sopan selalu minta izin suntik
2025-05-15,Prosedur screening berjalan sesuai standar operasional yang baku.,Netral,prosedur screening jalan sesuai standar operasional baku
2025-05-15,Sangat terorganisir antreannya dari mulai daftar sampai ambil suvenir.,Positif,sangat organisir antre mulai daftar ambil suvenir
2025-05-16,Petugas di loket pendaftaran sibuk main HP sehingga lambat merespons.,Negatif,tugas loket daftar sibuk main hp lambat respons
2025-05-16,Sangat terbantu dengan panduan alur donor yang dipasang di dinding.,Positif,sangat bantu pandu alur donor pasang dinding
2025-05-17,Toilet dan musala sangat bersih serta terawat dengan sangat baik.,Positif,toilet musala sangat bersih awat sangat baik
2025-05-17,Vena saya yang kecil bisa langsung ditemukan oleh perawat tanpa kendala.,Positif,vena yang kecil langsung temu awat kendala
2025-05-18,Terima kasih atas keramahan seluruh staf yang bertugas melayani hari ini.,Positif,terima kasih atas ramah seluruh staf tugas layan hari
2025-05-18,Kunjungan hari ini wajar seperti kunjungan sebelumnya.,Netral,kunjung hari wajar kunjung belum
2025-05-19,Sangat efisien dari loket daftar sampai ruang observasi pemulihan.,Positif,sangat efisien loket daftar ruang observasi pulih
2025-05-19,Saya kecewa karena sistem pendaftaran lelet dan membingungkan.,Negatif,kecewa sistem daftar lelet bingung
2025-05-20,Proses cek tekanan darah dilakukan dengan alat modern yang akurat.,Positif,proses cek tekan darah laku alat modern akurat
2025-05-20,Mantap pelayanannya sangat prima dan memanjakan para pendonor.,Positif,mantap layan sangat prima manja donor
2025-05-21,Pelayanan PMI 24 jam sangat membantu warga dalam kondisi darurat.,Positif,layan pmi jam sangat bantu warga kondisi darurat
2025-05-21,Semuanya biasa saja berjalan sesuai nomor antrean pendaftaran.,Netral,semua biasa jalan sesuai nomor antre daftar
2025-05-22,Sangat merekomendasikan PMI Cirebon untuk pengalaman berdonor yang aman.,Positif,sangat rekomendasi pmi cirebon alam donor aman
2025-05-22,Penanganan pasca donor sangat diperhatikan dengan detail oleh perawat.,Positif,tangan pasca donor sangat perhati detail awat
2025-05-23,Ada lalat di area ruang tunggu tolong kebersihannya lebih dijaga.,Negatif,lalat area ruang tunggu bersih lebih jaga
2025-05-23,Sangat salut dengan dedikasi para petugas kesehatan di sini.,Positif,sangat salut dedikasi tugas sehat sini
2025-05-24,Sistem komputerisasi membuat pencarian *database* jadi sangat singkat.,Positif,sistem komputerisasi buat cari database jadi sangat singkat
2025-05-24,Alat yang digunakan selalu ditunjukkan masih tersegel rapi.,Positif,alat guna selalu tunjuk segel rapi
2025-05-25,Suasana ruangan tenang dan tidak berisik bikin rileks pikiran.,Positif,suasana ruang tenang tidak berisik bikin rileks pikir
2025-05-25,Rutinitas donor tiga bulanan berjalan dengan lancar tanpa hambatan.,Netral,rutinitas donor tiga bulan jalan lancar hambat
2025-05-26,Pelayanan petugas lab sangat cepat dan hasilnya memuaskan.,Positif,layan tugas lab sangat cepat hasil muas
2025-05-26,Petugas dengan sigap membantu mengambilkan air hangat setelah donor.,Negatif,tugas sigap bantu ambil air hangat donor
2025-05-27,Bingkisan snack sangat memulihkan tenaga sehabis diambil darah.,Positif,bingkis snack sangat pulih tenaga habis ambil darah
2025-05-27,Sangat apresiasi kebersihan area bed donor yang disterilkan ulang.,Positif,sangat apresiasi bersih area bed donor steril ulang
2025-05-28,Standar layanan sudah sangat bagus. Tidak ada keluhan.,Netral,standar layan sangat bagus ada keluh
2025-05-28,Sangat responsif menjawab pertanyaan saya mengenai kesehatan.,Positif,sangat responsif jawab tanya kena sehat
2025-05-29,Pelayanan penutup Mei yang mantap. Maju terus PMI Cirebon.,Positif,layan tutup mei mantap maju terus pmi cirebon
2025-05-29,Sangat senang dengan keramahan security yang menyambut di depan.,Positif,sangat senang ramah security sambut depan
2025-05-30,Layanan hari ini biasa saja seperti biasanya.,Netral,layan hari biasa seperti biasa
2025-05-30,Saya sangat puas bisa rutin membantu sesama lewat PMI ini.,Positif,sangat puas rutin bantu sama lewat pmi
2025-05-31,Tenaga medis sangat telaten merawat pendonor yang sempat lemas.,Positif,tenaga medis sangat telaten rawat donor sempat lemas
2025-05-31,Terima kasih sudah memberikan pelayanan kesehatan yang jempolan.,Positif,terima kasih beri layan sehat jempol
2025-06-01,Mengawali bulan Juni dengan layanan donor yang sangat ramah.,Positif,awal bulan juni layan donor sangat ramah
2025-06-01,Petugas medis sangat cekatan dan profesional dalam mencari pembuluh darah.,Positif,tugas medis sangat cekat profesional cari buluh darah
2025-06-02,Saya rutin donor di sini. Biasa saja dan standar UDD.,Netral,rutin donor sini biasa dan standar udd
2025-06-02,Sistem antrean lelet sehingga waktu tunggu menjadi panjang.,Negatif,sistem antre lelet waktu tunggu jadi panjang
2025-06-03,Gedung bersih dan fasilitas sangat nyaman untuk pengunjung.,Positif,gedung bersih fasilitas sangat nyaman unjung
2025-06-03,Pengambilan darah berjalan lancar dan minim rasa sakit.,Positif,ambil darah jalan lancar minim rasa sakit
2025-06-04,Datang untuk donor darah rutin proses berjalan standar.,Netral,datang donor darah rutin proses jalan standar
2025-06-04,Antrean di loket administrasi sangat lambat karena antrean membeludak.,Negatif,antre loket administrasi sangat lambat antre beludak
2025-06-04,Petugas sangat ramah dan sabar melayani pendonor lansia.,Positif,tugas sangat ramah sabar layan donor lansia
2025-06-05,Ruang tunggu sangat nyaman dan banyak kursi empuk.,Positif,ruang tunggu sangat nyaman banyak kursi empuk
2025-06-05,Prosedur berjalan normal tidak ada kendala berarti hari ini.,Netral,prosedur jalan normal ada kendala arti hari
2025-06-06,Dokter screening memberikan penjelasan kesehatan yang sangat mendetail.,Positif,dokter screening beri jelas sehat sangat detail
2025-06-06,Sangat efisien tidak butuh waktu lama untuk selesai mendonorkan darah.,Positif,sangat efisien butuh waktu lama selesai donor darah
2025-06-07,Sangat lambat pergerakan antreannya petugasnya asyik mengobrol.,Negatif,sangat lambat gera antre tugas asyik obrol
2025-06-07,Selalu senang berdonor di sini karena layanannya bintang lima.,Positif,selalu senang donor sini layan bintang lima
2025-06-08,Sistem antrean online sangat memudahkan pendaftaran dari rumah.,Positif,sistem antre online sangat mudah daftar rumah
2025-06-08,Petugas sigap membantu mengambilkan air minum setelah saya merasa lemah.,Positif,tugas sigap bantu ambil air minum saya rasa lemah
2025-06-09,Rutinitas donor berjalan dengan lancar tanpa hambatan apapun.,Netral,rutinitas donor jalan lancar hambat apa
2025-06-09,Suvenir tas yang diberikan sangat bermanfaat. Terima kasih PMI.,Positif,suvenir tas beri sangat manfaat terima kasih pmi
2025-06-09,Hasil cek HB lab keluar sangat cepat tidak perlu menunggu lama.,Positif,hasil cek hb lab keluar sangat cepat perlu tunggu lama
2025-06-10,Suasana ruangan tenang sangat mendukung kenyamanan mental pendonor.,Positif,suasana ruang tenang sangat dukung nyaman mental donor
2025-06-10,Lantai koridor licin sehabis dipel tidak ada tanda peringatan bahaya.,Negatif,lantai koridor licin habis pel ada tanda ingat bahaya
2025-06-11,Aplikasi pendaftaran donor sangat membantu jadi tidak perlu lama mengantre.,Positif,aplikasi daftar donor sangat bantu jadi perlu lama antre
2025-06-11,Segel jarum dibuka tepat di depan mata saya. Sangat terjamin steril.,Positif,segel jarum buka tepat depan mata sangat jamin steril
2025-06-12,Semuanya biasa saja berjalan sesuai dengan standar yang ada.,Netral,semua biasa jalan sesuai standar ada
2025-06-12,Sistem komputer yang baru membuat proses jauh lebih ngebut.,Positif,sistem komputer baru buat proses jauh lebih ngebut
2025-06-13,Sangat bangga bisa donor di PMI Cirebon yang fasilitasnya hebat.,Positif,sangat bangga donor pmi cirebon fasilitas hebat
2025-06-13,Penanganan pemulihan sangat diperhatikan dengan detail oleh perawat jaga.,Positif,tangan pulih sangat perhati detail awat jaga
2025-06-14,Ruang tunggu agak kotor banyak tisu bekas yang tertinggal di lobi.,Negatif,ruang tunggu kotor banyak tisu bekas tinggal lobi
2025-06-14,Sangat merekomendasikan PMI Cirebon untuk teman-teman di kantor.,Positif,sangat rekomendasi pmi cirebon teman teman kantor
2025-06-14,Pelayanan sampai malam hari sangat menolong warga yang sibuk.,Positif,layan malam hari sangat tolong warga sibuk
2025-06-15,Hanya mampir untuk donor rutin. Pelayanan cukup memadai.,Netral,mampir donor rutin layan cukup pada
2025-06-15,Pelayanannya mantap sangat prima dan menghargai para pendonor.,Positif,layan mantap sangat prima harga donor
2025-06-16,Proses tensi darah cepat dan alat yang digunakan canggih.,Positif,proses tensi darah cepat alat guna canggih
2025-06-16,Sangat efisien dari loket daftar sampai ruang observasi.,Positif,sangat efisien loket daftar ruang observasi
2025-06-17,TV di ruang tunggu suaranya mendengung dan sangat mengganggu.,Negatif,tv ruang tunggu suara dengung sangat ganggu
2025-06-17,Terima kasih atas keramahan seluruh staf yang bertugas dengan tulus.,Positif,terima kasih atas ramah seluruh staf tugas tulus
2025-06-18,Jarum langsung masuk pas ke pembuluh darah karena perawatnya jago.,Positif,jarum langsung masuk pas buluh darah awat jago
2025-06-18,Prosedur screening berjalan sesuai standar operasional yang baku.,Netral,prosedur screening jalan sesuai standar operasional baku
2025-06-19,Toilet pendonor wangi bersih dan sabun cuci tangan selalu tersedia.,Positif,toilet donor wangi bersih sabun cuci tangan selalu sedia
2025-06-19,Sangat terbantu dengan panduan alur donor yang jelas di lokasi.,Positif,sangat bantu pandu alur donor jelas lokasi
2025-06-20,Stok kantong darah jenis apheresis sedang kosong sayang sekali.,Negatif,stok kantong darah jenis apheresis sedang kosong sayang sekali
2025-06-20,Sangat terorganisir antreannya tidak membingungkan sama sekali.,Positif,sangat organisir antre bingung sama sekali
2025-06-21,Ruangan pemulihan nyaman dilengkapi televisi untuk hiburan relaksasi.,Positif,ruang pulih nyaman lengkap televisi hibur relaksasi
2025-06-21,Pelayanan memuaskan dari waktu ke waktu terus konsisten baik.,Positif,layan muas waktu waktu terus konsisten baik
2026-06-22,Selesai donor tepat waktu tidak ada yang terlalu spesial hari ini.,Netral,selesai donor tepat waktu ada terlalu spesial hari
2025-06-22,Petugas tanggap memberikan arahan bagi pendonor yang baru pertama kali.,Positif,tugas tanggap beri arah donor baru pertama kali
2025-06-23,Sangat puas mendonorkan darah secara rutin di tempat yang higienis ini.,Positif,sangat puas donor darah rutin tempat higienis
2025-06-23,Sangat mudah proses pendaftarannya apalagi sekarang pakai layar sentuh.,Positif,sangat mudah proses daftar sekarang pakai layar sentuh
2025-06-24,AC di dekat bed donor terlalu dingin hingga saya menggigil.,Negatif,ac dekat bed donor terlalu dingin hingga gigil
2025-06-24,Dokter jaga selalu siaga menjawab pertanyaan konsultasi kesehatan saya.,Positif,dokter jaga selalu siaga jawab tanya konsultasi sehat
2025-06-24,Ruangan sangat bersih bebas dari debu dan kuman.,Positif,ruang sangat bersih bebas debu kuman
2025-06-25,Tidak ada masalah sejauh ini pelayanan berjalan standar UDD.,Netral,ada masalah jauh layan jalan standar udd
2025-06-25,Pelayanannya cepat jadi saya bisa manfaatkan jam istirahat siang.,Positif,layan cepat jadi bisa manfaat jam istirahat siang
2025-06-26,Sangat mengapresiasi kinerja seluruh petugas PMI yang tak kenal lelah.,Positif,sangat apresiasi kerja seluruh tugas pmi tak kenal lelah
2025-06-26,Sangat edukatif banyak *banner* informasi gizi yang berguna di lobi.,Positif,sangat edukatif banyak banner informasi gizi guna lobi
2025-06-27,Saya merasa kurang diperhatikan saat istirahat pasca donor.,Negatif,rasa kurang perhati istirahat pasca donor
2025-06-27,Layanannya sangat berkelas dan profesional setara rumah sakit besar.,Positif,layan sangat kelas profesional tara rumah sakit besar
2025-06-28,Proses donor berjalan normal seperti biasa tidak ada kendala.,Netral,proses donor jalan normal biasa ada kendala
2025-06-28,Sangat terbantu dengan aplikasi informasi stok darah yang akurat.,Positif,sangat bantu aplikasi informasi stok darah akurat
2025-06-29,Kunjungan penutup semester yang lancar tanpa ada hambatan operasional.,Netral,kunjung tutup semester lancar ada hambat operasional
2025-06-29,"Kinerja petugas luar biasa, profesional, dan sangat baik.",Positif,kerja tugas luar biasa profesional sangat baik
2025-06-30,Fasilitas lengkap dan prosedur kebersihan selalu dijaga dengan ketat.,Positif,fasilitas lengkap prosedur bersih selalu jaga ketat
2025-06-30,Sangat terorganisir alur antreannya dari masuk sampai keluar ruangan.,Positif,sangat organisir alur antre masuk keluar ruang
2025-07-01,Pelayanan di gedung baru ini sangat memanjakan pendonor. Nyaman sekali.,Positif,layan gedung baru sangat manja donor nyaman sekali
2025-07-01,Dokter dan perawat sangat ramah dan sabar menjelaskan prosedur donor.,Positif,dokter awat sangat ramah sabar jelas prosedur donor
2025-07-02,Sangat efisien dari mulai pendaftaran sampai pemulihan. Terima kasih PMI.,Positif,sangat efisien mulai daftar pulih terima kasih pmi
2025-07-02,Proses administrasi agak lambat karena antrean panjang dan loket hanya buka sedikit.,Negatif,proses administrasi lambat antre panjang loket buka sedikit
2025-07-03,Saya rutin berdonor di sini setiap tiga bulan. Pelayanan standar dan berjalan lancar.,Netral,rutin donor sini tiga bulan layan standar jalan lancar
2025-07-03,Daya tanggap petugas luar biasa cepat saat ada pendonor yang kebingungan.,Positif,daya tanggap tugas luar biasa cepat ada donor bingung
2025-07-04,Tempatnya bersih wangi dan sangat modern sistemnya.,Positif,tempat bersih wangi sangat modern sistem
2025-07-04,Sangat apresiasi kebersihan area bed donor yang selalu disterilkan ulang.,Positif,sangat apresiasi bersih area bed donor selalu steril ulang
2025-07-05,Tidak ada yang spesial semua berjalan normal layaknya standar pelayanan donor.,Netral,ada spesial semua jalan normal layak standar layan donor
2025-07-05,Pengambilan darah cepat dan petugas sangat terampil mencari vena saya.,Positif,ambil darah cepat tugas sangat terampil cari vena
2025-07-06,Selalu senang berdonor di PMI Cirebon karena pelayanannya ramah senyum.,Positif,selalu senang donor pmi cirebon layan ramah senyum
2025-07-06,Petugas pendaftaran salah menginput rhesus darah saya dari positif menjadi negatif di sistem. Hal ini sangat fatal jika terjadi transfusi darurat tolong perbaiki SOP pendataan!,Negatif,tugas daftar salah menginput rhesus darah dari positif jadi negatif sistem ini sangat fatal jadi transfusi darurat baik sop data
2025-07-07,Layanan the best pokoknya tidak pernah mengecewakan.,Positif,layan the best pokok pernah kecewa
2025-07-07,Prosedur screening berjalan ketat tapi tetap nyaman berkat komunikasi dokter yang baik.,Positif,prosedur screening jalan ketat tetap nyaman berkat komunikasi dokter baik
2025-07-08,Datang donor karena kebetulan sedang senggang. Proses berjalan seperti biasa.,Netral,datang donor betul sedang senggang proses jalan biasa
2025-07-08,"Saya puas, pelayanan cepat, ramah, dan recommended.",Positif,puas layan cepat ramah recommended
2025-07-09,Fasilitas tunggu dilengkapi banyak kursi empuk jadi tidak perlu capek berdiri.,Positif,fasilitas tunggu lengkap banyak kursi empuk jadi perlu capek diri
2025-07-09,Petugas screening sangat edukatif memberikan informasi kesehatan yang bermanfaat.,Positif,tugas screening sangat edukatif beri informasi sehat manfaat
2025-07-10,Hari ini antrean sepi jadi proses selesai sangat tepat waktu tanpa kendala.,Netral,hari antre sepi jadi proses selesai sangat tepat waktu kendala
2025-07-10,Sangat salut dengan dedikasi para petugas yang tetap prima meski sibuk.,Positif,sangat salut dedikasi tugas tetap prima meski sibuk
2025-07-10,Suasana ruangan bau dan petugas melayani dengan kasar.,Negatif,suasana ruang bau tugas layan kasar
2025-07-11,Kebersihan bed donor selalu dijaga ketat dan alasnya selalu diganti. Top.,Positif,bersih bed donor selalu jaga ketat alas selalu ganti top
2025-07-11,Apresiasi untuk pelayanan akhir pekan yang sangat mempermudah warga.,Positif,apresiasi layan akhir pekan sangat mudah warga
2025-07-12,Proses pengambilan darah sama sekali tidak terasa sakit jarum masuk dengan mulus.,Positif,proses ambil darah sama sekali asa sakit jarum masuk mulus
2025-07-12,Pelayanan berjalan cukup baik dan standar operasional terpenuhi.,Netral,layan jalan cukup baik standar operasional penuh
2025-07-13,Semua staf sangat membantu dan mengarahkan dengan sopan dari awal kedatangan.,Positif,semua staf sangat bantu arah sopan awal datang
2025-07-13,PMI Kota Cirebon selalu memberikan pelayanan maksimal. Mantap.,Positif,pmi kota cirebon selalu beri layan maksimal mantap
2025-07-14,Ruang observasi sangat memadai dan nyaman untuk istirahat paska tensi turun.,Positif,ruang observasi sangat pada nyaman istirahat paska tensi turun
2025-07-14,Prosedur screening awal berjalan wajar dan standar seperti kunjungan sebelumnya.,Netral,prosedur screening awal jalan wajar standar kunjung belum
2025-07-15,Terima kasih sudah memberikan layanan yang penuh empati dan profesional.,Positif,terima kasih beri layan penuh empati profesional
2025-07-15,Sangat responsif melayani kebutuhan pendonor pemula yang masih banyak bertanya.,Positif,sangat responsif layan butuh donor mula masih banyak tanya
2025-07-16,Sistem komputerisasi mempercepat proses pendaftaran jadi jauh lebih efisien.,Positif,sistem komputerisasi cepat proses daftar jadi jauh lebih efisien
2025-07-16,Sangat cepat kurang dari 30 menit sudah bisa pulang dengan perasaan lega.,Positif,sangat cepat kurang menit bisa pulang asa lega
2025-07-16,Area parkir sangat sempit dan susah mencari tempat jika sedang ramai pengunjung.,Negatif,area parkir sangat sempit susah cari tempat sedang ramai unjung
2025-07-17,Kunjungan rutin berjalan normal dan sesuai aturan.,Netral,kunjung rutin jalan normal sesuai atur
2025-07-17,Sangat senang dilayani dengan profesionalitas tinggi oleh para perawat senior.,Positif,sangat senang layan profesionalitas tinggi para awat senior
2025-07-18,Kapas dan perban dipasang dengan sangat rapi dan darah langsung berhenti.,Positif,kapas perban pasang sangat rapi darah langsung henti
2025-07-18,Layanan prima. Fasilitas gedung baru ini memang memberikan kenyamanan ekstra.,Positif,layan prima fasilitas gedung baru memang beri nyaman ekstra
2025-07-19,"Tempatnya keren, bersih, dan membuat pendonor nyaman.",Positif,tempat keren bersih buat donor nyaman
2025-07-19,Sangat terorganisir alurnya sangat rapi sehingga tidak ada kebingungan.,Positif,sangat organisir alur sangat rapi tidak bingung
2025-07-20,Selesai donor saya langsung pulang. Pelayanan biasa saja.,Netral,selesai donor langsung pulang layan biasa
2025-07-20,Sangat apresiasi kebersihan toilet dan musala yang tersedia di lingkungan PMI.,Positif,sangat apresiasi bersih toilet musala sedia lingkung pmi
2025-07-21,Banyak edukasi menarik yang bisa dibaca di ruang tunggu selama menunggu giliran.,Positif,banyak edukasi tarik bisa baca ruang tunggu lama tunggu gilir
2025-07-21,Semakin hari pelayanannya makin bagus dan ditunjang alat yang modern.,Positif,makin hari layan makin bagus tunjang alat modern
2025-07-21,"Hari ini pelayanan parah, jelek, dan tidak memuaskan.",Negatif,hari layan parah jelek tidak muas
2025-07-22,Sangat memuaskan antrean tertib dan kursi tunggunya banyak.,Positif,sangat muas antre tertib kursi tunggu banyak
2025-07-22,Standar kesehatan terjaga dengan baik. Kunjungan rutin berjalan mulus.,Netral,standar sehat jaga baik kunjung rutin jalan mulus
2025-07-23,Petugas handal sekali vena saya yang tersembunyi bisa langsung ditemukan.,Positif,tugas handal sekali vena yang sembunyi langsung temu
2025-07-23,Pelayanan 24 jam sangat membantu bagi kami yang bekerja shift malam.,Positif,layan jam sangat bantu kami kerja shift malam
2025-07-24,Sangat efisien dan ramah. Terima kasih PMI Kota Cirebon atas layanannya.,Positif,sangat efisien ramah terima kasih pmi kota cirebon atas layan
2025-07-24,Pengalaman donor darah yang menyenangkan. Akan terus donor di sini.,Positif,alam donor darah senang terus donor sini
2025-07-25,Sangat merekomendasikan keluarga untuk donor darah karena fasilitasnya aman.,Positif,sangat rekomendasi keluarga donor darah fasilitas aman
2025-07-25,Donor rutin lancar tanpa kendala. Tidak ada masalah.,Netral,donor rutin lancar kendala ada masalah
2025-07-26,Petugas dengan sigap membantu mengambilkan minum setelah saya selesai donor.,Positif,tugas sigap bantu ambil minum saya selesai donor
2025-07-26,"Petugas mantap, ramah, serta sigap membantu pendonor.",Positif,tugas mantap ramah sigap bantu donor
2025-07-27,Ruangan pelayanan terasa sangat higienis bebas dari debu dan nyaman.,Positif,ruang layan asa sangat higienis bebas debu nyaman
2025-07-27,Suka dengan sistem antrean yang sudah menggunakan layar digital besar.,Positif,suka sistem antre sudah guna layar digital besar
2025-07-27,Sayang sekali stok bingkisan snack habis padahal saya mendonor di siang hari.,Negatif,sayang sekali stok bingkis snack habis padahal donor siang hari
2025-07-28,Sangat sigap dan cerdik petugas administrasinya mengurai antrean yang membludak.,Positif,sangat sigap cerdik tugas administrasi urai antre membludak
2025-07-28,Pelayanan dari ujung ke ujung sangat sopan dan beretika tinggi.,Positif,layan ujung ujung sangat sopan etika tinggi
2025-07-29,Buka di akhir pekan sangat membantu. Kinerja pelayanannya luar biasa.,Positif,buka akhir pekan sangat bantu kerja layan luar biasa
2025-07-29,Satpam sangat cepat tanggap memberikan arahan bagi kendaraan yang baru datang.,Positif,satpam sangat cepat tanggap beri arah kendara baru datang
2025-07-30,Semua proses dari ujung ke ujung berlangsung cepat tanggap.,Positif,semua proses ujung ujung langsung cepat tanggap
2025-07-30,Pelayanan berjalan standar tidak ada keluhan yang berarti.,Netral,layan jalan standar ada keluh arti
2025-07-31,Alat-alatnya sangat modern dan proses donornya dijaga kebersihannya.,Positif,alat alat sangat modern proses donor jaga bersih
2025-07-31,Sangat sigap petugas memberikan suplemen penambah darah.,Positif,sangat sigap tugas beri suplemen tambah darah
2025-07-31,Proses cek tekanan darah dilakukan dengan sangat teliti.,Positif,proses cek tekan darah laku sangat teliti
2025-07-31,Ruangan observasi sangat nyaman dilengkapi televisi.,Positif,ruang observasi sangat nyaman lengkap televisi
2025-08-01,Sangat nyaman dan fasilitas gedungnya sangat bersih.,Positif,sangat nyaman fasilitas gedung sangat bersih
2025-08-01,Petugas loket pendaftaran sangat ramah dan murah senyum.,Positif,tugas loket daftar sangat ramah murah senyum
2025-08-02,Proses berjalan normal tidak ada yang istimewa.,Netral,proses jalan normal ada istimewa
2025-08-02,Pengambilan darah cepat dan sama sekali tidak sakit.,Positif,ambil darah cepat sama sekali sakit
2025-08-03,Sangat efisien dan terorganisir dengan sangat baik.,Positif,sangat efisien organisir sangat baik
2025-08-03,Ada noda darah segar menetes di lantai dari pendonor sebelumnya dan dibiarkan lama tidak disterilkan. Ini sangat berbahaya untuk paparan penyakit menular!,Negatif,noda darah segar tetes lantai donor belum biar lama steril sangat bahaya papar sakit tular
2025-08-04,Dokter screening memberikan penjelasan yang sangat edukatif.,Positif,dokter screening beri jelas sangat edukatif
2025-08-04,Pelayanan prima! Terus tingkatkan kualitasnya PMI Cirebon.,Positif,layan prima terus tingkat kualitas pmi cirebon
2025-08-05,"Pengalaman donor tidak spesial, tetapi berjalan normal.",Netral,alam donor spesial jalan normal
2025-08-05,Cepat tanggap saat saya menanyakan informasi donor darah.,Positif,cepat tanggap saya tanya informasi donor darah
2025-08-06,Kebersihan sangat terjaga. Bed donor selalu dirapikan kembali.,Positif,bersih sangat jaga bed donor selalu rapi
2025-08-06,Sangat memuaskan. PMI Kota Cirebon memang luar biasa.,Positif,sangat muas pmi kota cirebon memang luar biasa
2025-08-07,Perawat sangat terampil mencari vena saya yang biasanya sulit.,Positif,awat sangat terampil cari vena yang biasa sulit
2025-08-07,Ruangan sejuk dan suasananya bikin rileks sebelum diambil darah.,Positif,ruang sejuk suasana bikin rileks ambil darah
2025-08-08,Hanya donor darah rutin. Tidak ada masalah berarti.,Netral,donor darah rutin ada masalah arti
2025-08-08,Petugas dengan sigap membantu saat saya merasa agak pusing.,Positif,tugas sigap bantu saya rasa pusing
2025-08-09,Proses cek tensi darah berjalan lancar sesuai urutan antrean.,Positif,proses cek tensi darah jalan lancar sesuai urut antre
2025-08-09,Sangat apresiasi keramahan satpam di depan yang sigap menyambut.,Positif,sangat apresiasi ramah satpam depan sigap sambut
2025-08-09,Antrean di loket administrasi terlalu lama dan menumpuk di pagi hari.,Negatif,antre loket administrasi terlalu lama tumpuk pagi hari
2025-08-10,Layanannya cepat banget tidak sampai setengah jam sudah beres.,Positif,layan cepat banget sampai tengah jam beres
2025-08-10,Snack dan minuman pasca donor sangat enak dan memulihkan tenaga.,Positif,snack minum pasca donor sangat enak pulih tenaga
2025-08-11,Standar operasional terpenuhi dengan baik dan memadai.,Netral,standar operasional penuh baik pada
2025-08-11,Sangat terkesan dengan fasilitas gedung yang rapi dan modern.,Positif,sangat kes fasilitas gedung rapi modern
2025-08-12,Alat-alat medis yang digunakan selalu ditunjukkan segelnya masih utuh.,Positif,alat alat medis guna selalu tunjuk segel utuh
2025-08-12,Sangat cepat daftar via mesin antrean mandiri sangat membantu.,Positif,sangat cepat daftar via mesin antre mandiri sangat bantu
2025-08-13,Rutin donor per 3 bulan selalu nyaman berdonor di tempat ini.,Positif,rutin donor per bulan selalu nyaman donor tempat
2025-08-13,Pelayanan di hari libur tetap maksimal dan petugasnya penuh semangat.,Positif,layan hari libur tetap maksimal tugas penuh semangat
2025-08-14,Fasilitas cukup dan pelayanan terasa lumayan.,Netral,fasilitas cukup layan asa lumayan
2025-08-14,Sangat menghargai pelayanan petugas hari ini. Mantap.,Positif,sangat harga layan tugas hari mantap
2025-08-15,Dokter sangat teliti memeriksa tekanan darah dan riwayat minum obat.,Positif,dokter sangat teliti periksa tekan darah riwayat minum obat
2025-08-15,Sangat informatif saat saya banyak tanya soal donor darah apheresis.,Positif,sangat informatif saya banyak tanya soal donor darah apheresis
2025-08-15,Sangat kecewa dengan petugas pendaftaran yang kurang senyum.,Negatif,sangat kecewa tugas daftar kurang senyum
2025-08-16,Ruang observasi nyaman sekali buat istirahat sebentar setelah donor.,Positif,ruang observasi nyaman sekali buat istirahat sebentar donor
2025-08-16,Pelayanan bagus tanpa kendala dari awal hingga akhir.,Positif,layan bagus kendala awal hingga akhir
2025-08-17,Semuanya wajar dan proses pendaftarannya terbilang mulus.,Netral,semua wajar proses daftar bilang mulus
2025-08-17,Selalu puas menghabiskan waktu berdonor di PMI Cirebon.,Positif,selalu puas habis waktu donor pmi cirebon
2025-08-18,Tenaga medisnya bekerja dengan sangat profesional dan higienis.,Positif,tenaga medis kerja sangat profesional higienis
2025-08-18,Petugas sangat menghargai para pendonor. Terima kasih atas dedikasinya.,Positif,tugas sangat harga donor terima kasih atas dedikasi
2025-08-19,Sangat mantap kebersihan toilet juga sangat diperhatikan oleh *cleaning service*.,Positif,sangat mantap bersih toilet sangat perhati cleaning service
2025-08-19,"Layanan PMI luar biasa, prosesnya cepat dan tertata.",Positif,layan pmi luar biasa proses cepat tata
2025-08-20,Donor berjalan lancar tidak ada hal yang istimewa hari ini.,Netral,donor jalan lancar ada yang istimewa hari
2025-08-20,Fasilitas gedung sangat mendukung kenyamanan pengunjung yang datang.,Positif,fasilitas gedung sangat dukung nyaman unjung datang
2025-08-21,Sangat cepat dan petugas lab-nya cekatan. Layanannya sungguh berkelas.,Positif,sangat cepat tugas lab nya cekat layan sungguh kelas
2025-08-21,Makanan ringan setelah donor sangat membantu pemulihan stamina.,Positif,makan ringan donor sangat bantu pulih stamina
2025-08-21,Sistem komputer error jadi harus antre manual yang lama.,Negatif,sistem komputer error jadi antre manual lama
2025-08-22,Petugas sangat responsif melayani pertanyaan dari pendonor baru.,Positif,tugas sangat responsif layan tanya donor baru
2025-08-22,Sangat merekomendasikan tempat ini bagi yang ingin mulai rutin berdonor.,Positif,sangat rekomendasi tempat bagi ingin mulai rutin donor
2025-08-23,Standar saja seperti kunjungan-kunjungan donor saya yang sudah-sudah.,Netral,standar seperti kunjung kunjung donor yang sudah
2025-08-23,Pelayanan memuaskan dan petugas perawatnya murah senyum semua.,Positif,layan muas tugas awat murah senyum semua
2025-08-24,Petugas sigap memberi air minum saat saya merasa kehausan paska donor.,Positif,tugas sigap beri air minum saya rasa haus paska donor
2025-08-24,Sangat terorganisir dengan rapi alurnya dari awal sampai akhir.,Positif,sangat organisir rapi alur awal akhir
2025-08-25,Penanganan paska donor sangat diperhatikan dengan baik oleh tenaga medis.,Positif,tangan paska donor sangat perhati baik tenaga medis
2025-08-25,Sangat salut dengan keramahan dan kecepatan petugas PMI Cirebon.,Positif,sangat salut ramah cepat tugas pmi cirebon
2025-08-26,Saya datang antre sebentar dan langsung dilayani. Biasa saja.,Netral,datang antre sebentar langsung layan biasa
2025-08-26,Sistem pemanggilan via layar digital besar sangat memudahkan kami.,Positif,sistem panggil via layar digital besar sangat mudah
2025-08-27,Daya tanggap satpam sangat baik dalam mengatur parkir motor yang padat.,Positif,daya tanggap satpam sangat baik atur parkir motor padat
2025-08-27,Sangat efisien prosesnya tidak membuang waktu libur saya sama sekali.,Positif,sangat efisien proses buang waktu libur sama sekali
2025-08-27,AC di ruang tunggu mati jadi pendonor kepanasan.,Negatif,ac ruang tunggu mati jadi donor panas
2025-08-28,Alat-alatnya sangat modern dan proses donornya dijaga kebersihannya.,Positif,alat alat sangat modern proses donor jaga bersih
2025-08-28,PMI Cirebon sukses selalu melayani masyarakat dengan prima dan tulus.,Positif,pmi cirebon sukses selalu layan masyarakat prima tulus
2025-08-29,Pelayanan berjalan standar tidak ada keluhan yang berarti.,Netral,layan jalan standar ada keluh arti
2025-08-29,Sangat edukatif banyak informasi gizi yang berguna di lobi.,Positif,sangat edukatif banyak informasi gizi guna lobi
2025-08-30,Semua proses berjalan lancar dan petugasnya sangat kooperatif.,Positif,semua proses jalan lancar tugas sangat kooperatif
2025-08-30,Penutupan bulan dengan layanan yang sangat luar biasa dari PMI.,Positif,tutup bulan layan sangat luar biasa pmi
2025-08-31,Fasilitasnya top dan kualitas layanannya memang teruji.,Positif,fasilitas top kualitas layan memang uji
2025-08-31,Layanannya sangat berkelas bersih dan terpercaya.,Positif,layan sangat kelas bersih percaya
2025-08-31,Sangat memuaskan antrean tertib dan kursi tunggunya banyak.,Positif,sangat muas antre tertib kursi tunggu banyak
2025-08-31,"Fasilitas top, petugas ramah, dan pelayanan memuaskan.",Positif,fasilitas top tugas ramah layan muas
2025-09-01,Pelayanan luar biasa cepat dan sangat efisien.,Positif,layan luar biasa cepat sangat efisien
2025-09-01,Ruangan nyaman bersih dan AC-nya pas.,Positif,ruang nyaman bersih ac nya pas
2025-09-02,Petugas sangat ramah dan murah senyum membuat pendonor tenang.,Positif,tugas sangat ramah murah senyum buat donor tenang
2025-09-02,Biasa saja rutin donor setiap tiga bulan.,Netral,biasa rutin donor tiga bulan
2025-09-03,Tidak ada kendala sama sekali semuanya mulus.,Positif,ada kendala sama sekali semua mulus
2025-09-03,Saya melihat jarum bekas pakai tertinggal di atas nampan bed donor. Ini kelalaian prosedur keamanan yang sangat berisiko!,Negatif,lihat jarum bekas pakai tinggal atas nampan bed donor lalai prosedur aman sangat risiko
2025-09-04,Layanan prima. Fasilitas sangat mendukung kenyamanan.,Positif,layan prima fasilitas sangat dukung nyaman
2025-09-04,Pelayanan juara dengan tenaga medis yang profesional.,Positif,layan juara tenaga medis profesional
2025-09-05,Sangat salut dengan keramahan petugas PMI Cirebon.,Positif,sangat salut ramah tugas pmi cirebon
2025-09-05,Kunjungan donor standar. Prosedur berjalan normal.,Netral,kunjung donor standar prosedur jalan normal
2025-09-06,Proses pengambilan darah sangat profesional tanpa rasa sakit.,Positif,proses ambil darah sangat profesional rasa sakit
2025-09-06,Nyaman sekali donor di tempat ini selalu memuaskan.,Positif,nyaman sekali donor tempat selalu muas
2025-09-07,Sangat responsif melayani kebutuhan pendonor.,Positif,sangat responsif layan butuh donor
2025-09-07,Petugas pendaftaran cekatan antrean jadi sangat lancar.,Positif,tugas daftar cekat antre jadi sangat lancar
2025-09-08,Selesai donor saya istirahat sebentar lalu pulang. Biasa saja.,Netral,selesai donor istirahat sebentar lalu pulang biasa
2025-09-08,Bed donor sangat bersih dan wanginya menenangkan.,Positif,bed donor sangat bersih wangi tenang
2025-09-09,Selalu puas donor di sini tidak pernah mengecewakan.,Positif,selalu puas donor sini pernah kecewa
2025-09-09,Terima kasih PMI Kota Cirebon atas layanan yang sangat baik ini.,Positif,terima kasih pmi kota cirebon atas layan sangat baik
2025-09-09,"Toilet bau dan kotor, pelayanan juga tidak profesional.",Negatif,toilet bau kotor layan tidak profesional
2025-09-10,Daya tanggap petugas luar biasa cepat.,Positif,daya tanggap tugas luar biasa cepat
2025-09-10,Sangat efisien tidak membuang waktu saya sama sekali.,Positif,sangat efisien buang waktu sama sekali
2025-09-11,Semua staf sangat membantu dan mengarahkan dengan sopan.,Positif,semua staf sangat bantu arah sopan
2025-09-11,Hari ini sepi pengunjung jadi proses sangat cepat selesai.,Netral,hari sepi unjung jadi proses sangat cepat selesai
2025-09-12,Menu snack sangat enak untuk memulihkan stamina.,Positif,menu snack sangat enak pulih stamina
2025-09-12,Sangat terorganisir dengan rapi dari awal sampai akhir.,Positif,sangat organisir rapi awal akhir
2025-09-13,Petugas dengan sigap membantu saat saya merasa pusing sedikit.,Positif,tugas sigap bantu saya rasa pusing sedikit
2025-09-13,Prosedur berjalan standar seperti biasa.,Netral,prosedur jalan standar biasa
2025-09-14,Sistem pemanggilan via layar digital sangat memudahkan pendonor.,Positif,sistem panggil via layar digital sangat mudah donor
2025-09-14,Sangat terkesan dengan efisiensi dan kecepatan layanannya.,Positif,sangat kes efisiensi cepat layan
2025-09-15,Kapas dan perban dipasang dengan sangat rapi dan darah langsung berhenti.,Positif,kapas perban pasang sangat rapi darah langsung henti
2025-09-15,Sangat mengapresiasi kebersihan toilet dan musala yang tersedia.,Positif,sangat apresiasi bersih toilet musala sedia
2025-09-15,TV di ruang tunggu suaranya mendengung dan mengganggu.,Negatif,tv ruang tunggu suara dengung ganggu
2025-09-16,Petugas handal sekali vena saya yang kecil bisa langsung ketemu.,Positif,tugas handal sekali vena yang kecil langsung ketemu
2025-09-16,Pengalaman donor darah yang menyenangkan. Akan terus donor di sini.,Positif,alam donor darah senang terus donor sini
2025-09-17,"Petugas sopan, komunikatif, dan bekerja dengan sangat baik.",Positif,tugas sopan komunikatif kerja sangat baik
2025-09-17,Pelayanan berjalan lancar tanpa kendala sistem.,Netral,layan jalan lancar kendala sistem
2025-09-18,Satpam sangat cepat tanggap memberikan arahan parkir.,Positif,satpam sangat cepat tanggap beri arah parkir
2025-09-18,Layanan prima dan petugas perawatnya murah senyum semua.,Positif,layan prima tugas awat murah senyum semua
2025-09-19,Alat-alatnya sangat modern dan proses donornya dijaga kebersihannya.,Positif,alat alat sangat modern proses donor jaga bersih
2025-09-19,PMI Cirebon sukses selalu melayani masyarakat dengan prima.,Positif,pmi cirebon sukses selalu layan masyarakat prima
2025-09-20,Sangat cepat daftar via mesin antrean mandiri.,Positif,sangat cepat daftar via mesin antre mandiri
2025-09-20,Biasa saja tidak ada yang spesial dari kunjungan hari ini.,Netral,biasa tidak yang spesial kunjung hari
2025-09-21,Perawat menenangkan saya yang baru pertama kali donor.,Positif,awat tenang yang baru pertama kali donor
2025-09-21,Sangat mantap kebersihan toilet juga sangat diperhatikan.,Positif,sangat mantap bersih toilet sangat perhati
2025-09-21,Parkiran motor sangat sempit dan susah keluar.,Negatif,parkir motor sangat sempit susah keluar
2025-09-22,"Pengalaman donor sangat baik, lancar, dan memuaskan.",Positif,alam donor sangat baik lancar muas
2025-09-22,Sangat cepat dan petugas lab-nya cekatan. Layanan berkelas.,Positif,sangat cepat tugas lab nya cekat layan kelas
2025-09-23,Petugas sangat responsif melayani pertanyaan dari pendonor.,Positif,tugas sangat responsif layan tanya donor
2025-09-23,Fasilitas cukup untuk mendukung donor rutin.,Netral,fasilitas cukup dukung donor rutin
2025-09-24,Kursi tunggunya cukup banyak jadi tidak capek berdiri.,Positif,kursi tunggu cukup banyak jadi capek diri
2025-09-24,Sangat merekomendasikan tempat ini bagi yang ingin mulai rutin berdonor.,Positif,sangat rekomendasi tempat bagi ingin mulai rutin donor
2025-09-25,Petugas sigap memberi air minum saat saya merasa kehausan.,Positif,tugas sigap beri air minum saya rasa haus
2025-09-25,Sangat terorganisir dengan rapi alurnya dari awal sampai akhir.,Positif,sangat organisir rapi alur awal akhir
2025-09-26,Penanganan paska donor sangat diperhatikan dengan baik.,Positif,tangan paska donor sangat perhati baik
2025-09-26,Pelayanan wajar dan standar seperti instansi publik lainnya.,Netral,layan wajar standar instansi publik lain
2025-09-27,Sangat salut dengan keramahan dan kecepatan petugas PMI.,Positif,sangat salut ramah cepat tugas pmi
2025-09-27,"Pengalaman positif, petugas profesional, dan alur cepat.",Positif,alam positif tugas profesional alur cepat
2025-09-27,Kondisi ruang tunggu kotor dan sangat mengecewakan.,Negatif,kondisi ruang tunggu kotor sangat kecewa
2025-09-28,Dokter jaga selalu standby dan sigap melayani konsultasi tensi.,Positif,dokter jaga selalu standby sigap layan konsultasi tensi
2025-09-28,Ruangan sangat bersih bebas dari debu dan lantainya mengkilap.,Positif,ruang sangat bersih bebas debu lantai kilap
2025-09-29,Standar saja seperti kunjungan-kunjungan donor saya yang sudah-sudah.,Netral,standar seperti kunjung kunjung donor yang sudah
2025-09-29,Pelayanannya cepat jadi saya bisa langsung kembali beraktivitas ke kantor.,Positif,layan cepat jadi bisa langsung aktivitas kantor
2025-09-30,Sangat mengapresiasi kinerja seluruh petugas PMI yang tak kenal lelah.,Positif,sangat apresiasi kerja seluruh tugas pmi tak kenal lelah
2025-09-30,Sangat terbantu dengan informasi stok darah di layar informasi.,Positif,sangat bantu informasi stok darah layar informasi
2025-09-30,Layanannya sangat berkelas dan profesional setara rumah sakit swasta.,Positif,layan sangat kelas profesional tara rumah sakit swasta
2025-08-15,Petugas dengan cekatan membantu saya mengisi formulir pendaftaran.,Positif,tugas cekat bantu isi formulir daftar
2025-09-20,Fasilitas ruang tunggu sangat bersih dan nyaman untuk istirahat.,Positif,fasilitas ruang tunggu sangat bersih nyaman istirahat
2025-10-01,Layanan PMI Kota Cirebon selalu memuaskan dan cepat.,Positif,layan pmi kota cirebon selalu muas cepat
2025-10-01,Petugas medis sangat cekatan dan profesional dalam bekerja.,Positif,tugas medis sangat cekat profesional kerja
2025-10-01,Petugas hampir salah menempelkan stiker golongan darah di tabung sampel uji saya. Untung saya menegur duluan. Verifikasi identitas medis harus berlapis!,Negatif,tugas hampir salah tempel stiker golong darah tabung sampel uji untung tegur duluan verifikasi identitas medis lap
2025-10-02,Pengalaman biasa saja dengan fasilitas yang cukup.,Netral,alam biasa dengan fasilitas cukup
2025-10-02,Fasilitas gedung sangat sejuk dan bersih.,Positif,fasilitas gedung sangat sejuk bersih
2025-10-03,Jarum masuk tanpa terasa sakit sama sekali hebat!,Positif,jarum masuk asa sakit sama sekali hebat
2025-10-03,Antrean di loket administrasi sangat berantakan hari ini karena banyak rombongan.,Negatif,antre loket administrasi sangat beranta hari karena banyak rombong
2025-10-04,Datang untuk donor darah proses berjalan standar.,Netral,datang donor darah proses jalan standar
2025-10-04,Petugas sangat ramah dan sabar melayani pendonor yang phobia jarum.,Positif,tugas sangat ramah sabar layan donor phobia jarum
2025-10-05,Ruang tunggu sangat nyaman dan banyak kursi kosong.,Positif,ruang tunggu sangat nyaman banyak kursi kosong
2025-10-05,Dokter screening memberikan penjelasan kesehatan yang sangat bermanfaat.,Positif,dokter screening beri jelas sehat sangat manfaat
2025-10-06,Sangat efisien tidak butuh waktu lama untuk selesai donor.,Positif,sangat efisien butuh waktu lama selesai donor
2025-10-06,Prosedur berjalan normal tidak ada kendala berarti.,Netral,prosedur jalan normal ada kendala arti
2025-10-07,Petugas kasar saat menerima keluhan dan tidak memberi solusi.,Negatif,tugas kasar terima keluh tidak beri solusi
2025-10-07,Selalu senang berdonor di sini karena layanannya juara.,Positif,selalu senang donor sini layan juara
2025-10-08,Sangat apresiasi kebersihan area bed donor yang selalu disterilkan.,Positif,sangat apresiasi bersih area bed donor selalu steril
2025-10-08,Petugas dengan sigap membantu mengambilkan air minum setelah saya donor.,Positif,tugas sigap bantu ambil air minum saya donor
2025-10-09,Fasilitas keren dan suasana PMI terasa nyaman.,Positif,fasilitas keren suasana pmi asa nyaman
2025-10-09,Rutinitas donor tiga bulanan berjalan dengan lancar.,Netral,rutinitas donor tiga bulan jalan lancar
2025-10-10,Saya melihat perawat tidak mengganti sarung tangan setelah membuang limbah infeksius lalu langsung menangani pendonor baru. Ini pelanggaran berat dan sangat berbahaya!,Negatif,lihat awat ganti sarung tangan buang limbah infeksius lalu langsung tangan donor baru langgar berat sangat bahaya
2025-10-10,Pelayanan petugas lab sangat cepat dan hasilnya memuaskan.,Positif,layan tugas lab sangat cepat hasil muas
2025-10-11,Suasana ruangan tenang dan tidak berisik bikin rileks.,Positif,suasana ruang tenang tidak berisik bikin rileks
2025-10-11,Sangat responsif menjawab semua pertanyaan pendonor baru.,Positif,sangat responsif jawab semua tanya donor baru
2025-10-12,Cukup standar sama seperti pelayanan publik lainnya.,Netral,cukup standar sama layan publik lain
2025-10-12,Satpam di depan sangat ramah mengarahkan parkir dan pintu masuk.,Positif,satpam depan sangat ramah arah parkir pintu masuk
2025-10-13,Alat yang digunakan selalu ditunjukkan masih tersegel baru.,Positif,alat guna selalu tunjuk segel baru
2025-10-13,Saya kecewa dengan pelayanan yang tidak profesional.,Negatif,kecewa layan tidak profesional
2025-10-14,Sistem komputerisasi membuat pendaftaran sangat cepat.,Positif,sistem komputerisasi buat daftar sangat cepat
2025-10-14,Sangat salut dengan dedikasi para petugas kesehatan di sini.,Positif,sangat salut dedikasi tugas sehat sini
2025-10-15,Semuanya biasa saja berjalan sesuai antrean.,Netral,semua biasa jalan sesuai antre
2025-10-15,Penanganan pasca donor sangat diperhatikan dengan detail.,Positif,tangan pasca donor sangat perhati detail
2025-10-16,Sangat merekomendasikan PMI Cirebon untuk pengalaman berdonor yang aman.,Positif,sangat rekomendasi pmi cirebon alam donor aman
2025-10-16,Pelayanan 24 jam sangat membantu warga yang sibuk bekerja di siang hari.,Positif,layan jam sangat bantu warga sibuk kerja siang hari
2025-10-17,Mantap pelayanannya sangat prima dan memanjakan pengunjung.,Positif,mantap layan sangat prima manja unjung
2025-10-17,"Petugas sombong, lambat, dan tidak profesional.",Negatif,tugas sombong lambat tidak profesional
2025-10-18,Proses cek tekanan darah dilakukan dengan alat modern yang akurat.,Positif,proses cek tekan darah laku alat modern akurat
2025-10-18,Hanya mampir untuk donor. Pelayanan memadai.,Netral,mampir donor layan pada
2025-10-19,Sangat efisien dari daftar sampai ruang pemulihan.,Positif,sangat efisien daftar ruang pulih
2025-10-19,Terima kasih atas keramahan seluruh staf yang bertugas hari ini.,Positif,terima kasih atas ramah seluruh staf tugas hari
2025-10-20,Vena saya yang kecil bisa langsung ditemukan oleh perawat senior. Hebat.,Positif,vena yang kecil langsung temu awat senior hebat
2025-10-20,Toilet dan musala sangat bersih terawat dengan baik.,Positif,toilet musala sangat bersih awat baik
2025-10-21,Prosedur berjalan sesuai aturan baku UDD.,Netral,prosedur jalan sesuai atur baku udd
2025-10-21,Sangat terbantu dengan panduan alur donor yang tertempel di dinding.,Positif,sangat bantu pandu alur donor tempel dinding
2025-10-22,Pelayanan lambat padahal antrean sudah menunggu sejak pagi.,Negatif,layan lambat padahal antre tunggu sejak pagi
2025-10-22,Sangat terorganisir antreannya tidak membingungkan sama sekali.,Positif,sangat organisir antre bingung sama sekali
2025-10-23,Perawat sangat sopan dan meminta izin sebelum melakukan tindakan medis.,Positif,awat sangat sopan minta izin laku tindak medis
2025-10-23,Ruangan observasi sangat nyaman dilengkapi televisi.,Positif,ruang observasi sangat nyaman lengkap televisi
2025-10-24,"Pelayanan luar biasa, tertib, cepat, dan profesional.",Positif,layan luar biasa tertib cepat profesional
2025-10-24,Selesai donor tepat waktu tidak ada yang spesial.,Netral,selesai donor tepat waktu ada spesial
2025-10-25,Petugas cepat tanggap menangani pendonor yang pucat setelah donor.,Positif,tugas cepat tanggap tangan donor pucat donor
2025-10-25,Kapas dan plester ditutup dengan sangat rapi.,Positif,kapas plester tutup sangat rapi
2025-10-26,Sangat puas mendonorkan darah secara rutin di tempat ini.,Positif,sangat puas donor darah rutin tempat
2025-10-26,Suara panggilan antrean sangat kecil dan tidak jelas terdengar.,Negatif,suara panggil antre sangat kecil tidak jelas dengar
2025-10-27,Sangat mudah proses pendaftarannya apalagi sekarang pakai mesin.,Positif,sangat mudah proses daftar sekarang pakai mesin
2025-10-27,"Tidak ada perubahan, proses berjalan standar.",Netral,ada ubah proses jalan standar
2025-10-28,Dokter jaga selalu standby dan sigap melayani konsultasi tensi.,Positif,dokter jaga selalu standby sigap layan konsultasi tensi
2025-10-28,Ruangan sangat bersih bebas dari debu dan kotoran.,Positif,ruang sangat bersih bebas debu kotor
2025-10-28,Pelayanannya cepat jadi saya bisa langsung kembali ke kantor.,Positif,layan cepat jadi bisa langsung ke kantor
2025-10-29,Sangat mengapresiasi kinerja seluruh petugas PMI yang ramah.,Positif,sangat apresiasi kerja seluruh tugas pmi ramah
2025-10-29,Proses donor berjalan normal seperti biasa.,Netral,proses donor jalan normal biasa
2025-10-29,Sangat edukatif banyak banner informasi kesehatan di ruang tunggu.,Positif,sangat edukatif banyak banner informasi sehat ruang tunggu
2025-10-30,Dokter kurang ramah saat menjawab pertanyaan seputar efek samping donor.,Negatif,dokter kurang ramah jawab tanya putar efek samping donor
2025-10-30,Layanannya sangat berkelas dan profesional tingkat tinggi.,Positif,layan sangat kelas profesional tingkat tinggi
2025-10-30,Sangat terbantu dengan informasi stok darah di layar informasi.,Positif,sangat bantu informasi stok darah layar informasi
2025-10-31,Saya merasa sangat dihargai sebagai pendonor oleh petugas.,Positif,rasa sangat harga donor tugas
2025-10-31,Kunjungan yang lancar tanpa ada hambatan operasional.,Netral,kunjung lancar ada hambat operasional
2025-10-31,Fasilitas lengkap dan prosedur kebersihan selalu dijaga ketat.,Positif,fasilitas lengkap prosedur bersih selalu jaga ketat
2025-10-31,Antrean tertib dan kursi ruang tunggunya sangat memadai.,Positif,antre tertib kursi ruang tunggu sangat pada
2025-10-31,Pengalaman donor yang berkesan. Akan mengajak teman-teman ke sini.,Positif,alam donor kesan ajak teman teman sini
2025-11-01,Pelayanan di PMI Kota Cirebon sangat memuaskan dan cepat.,Positif,layan pmi kota cirebon sangat muas cepat
2025-11-01,Petugas medis sangat cekatan dan profesional dalam mencari pembuluh darah.,Positif,tugas medis sangat cekat profesional cari buluh darah
2025-11-01,"Pelayanan tidak profesional, antrean panjang, dan informasi tidak jelas.",Negatif,layan profesional antre panjang informasi jelas
2025-11-02,Kunjungan donor rutin. Pelayanan berjalan wajar seperti biasa.,Netral,kunjung donor rutin layan jalan wajar biasa
2025-11-02,Fasilitas gedung sangat nyaman dan bersih membuat pendonor betah.,Positif,fasilitas gedung sangat nyaman bersih buat donor betah
2025-11-03,Pengambilan darah berjalan lancar dan sangat steril.,Positif,ambil darah jalan lancar sangat steril
2025-11-03,Antrean menumpuk parah saat jam makan siang karena petugas istirahat bergantian terlalu lama.,Negatif,antre tumpuk parah jam makan siang tugas istirahat ganti terlalu lama
2025-11-03,Jarum masuk tanpa terasa sakit sama sekali sangat luar biasa!,Positif,jarum masuk asa sakit sama sekali sangat luar biasa
2025-11-04,Pelayanan biasa saja seperti pengalaman sebelumnya.,Netral,layan biasa seperti alam belum
2025-11-04,Petugas sangat ramah dan sabar melayani pendonor pemula.,Positif,tugas sangat ramah sabar layan donor mula
2025-11-05,Ruang tunggu sangat nyaman dan banyak kursi kosong untuk istirahat.,Positif,ruang tunggu sangat nyaman banyak kursi kosong istirahat
2025-11-05,Dokter screening memberikan penjelasan kesehatan yang sangat mendetail.,Positif,dokter screening beri jelas sehat sangat detail
2025-11-05,Proses cepat dengan fasilitas keren dan layanan profesional.,Positif,proses cepat fasilitas keren layan profesional
2025-11-06,Prosedur berjalan normal tidak ada kendala berarti hari ini.,Netral,prosedur jalan normal ada kendala arti hari
2025-11-06,Selalu senang berdonor di sini karena pelayanannya ramah senyum.,Positif,selalu senang donor sini layan ramah senyum
2025-11-07,Fasilitas jelek dan ruang pelayanan terasa sangat kotor.,Negatif,fasilitas jelek ruang layan asa sangat kotor
2025-11-07,Sangat apresiasi kebersihan area bed donor yang selalu disterilkan ulang.,Positif,sangat apresiasi bersih area bed donor selalu steril ulang
2025-11-08,Petugas dengan sigap membantu mengambilkan air minum setelah saya donor.,Positif,tugas sigap bantu ambil air minum saya donor
2025-11-08,Bingkisan snack sangat memulihkan tenaga sehabis diambil darah.,Positif,bingkis snack sangat pulih tenaga habis ambil darah
2025-11-08,Sangat responsif menjawab semua pertanyaan pendonor dengan sopan.,Positif,sangat responsif jawab semua tanya donor sopan
2025-11-09,Pelayanan wajar dan waktu tunggunya biasa saja.,Netral,layan wajar waktu tunggu biasa
2025-11-09,Pelayanan petugas lab sangat cepat dan hasilnya memuaskan.,Positif,layan tugas lab sangat cepat hasil muas
2025-11-10,Suasana ruangan tenang dan tidak berisik bikin rileks.,Positif,suasana ruang tenang tidak berisik bikin rileks
2025-11-10,Petugas memberikan kartu golongan darah yang salah kepada saya tertukar dengan pendonor lain di meja administrasi. Sangat fatal jika terjadi pada kondisi darurat!,Negatif,tugas beri kartu golong darah salah saya tukar donor di meja administrasi sangat fatal jadi kondisi darurat
2025-11-10,Alat yang digunakan selalu ditunjukkan masih tersegel rapi di depan mata.,Positif,alat guna selalu tunjuk segel rapi depan mata
2025-11-11,Sistem komputerisasi membuat pendaftaran jadi sangat singkat.,Positif,sistem komputerisasi buat daftar jadi sangat singkat
2025-11-11,Sangat salut dengan dedikasi para petugas kesehatan di PMI Cirebon.,Positif,sangat salut dedikasi tugas sehat pmi cirebon
2025-11-12,Semuanya biasa saja berjalan sesuai nomor antrean pendaftaran.,Netral,semua biasa jalan sesuai nomor antre daftar
2025-11-12,Penanganan pasca donor sangat diperhatikan dengan detail oleh perawat.,Positif,tangan pasca donor sangat perhati detail awat
2025-11-13,Sangat merekomendasikan PMI Cirebon untuk pengalaman berdonor yang aman.,Positif,sangat rekomendasi pmi cirebon alam donor aman
2025-11-13,"Pengalaman donor buruk, lambat, dan membuat saya menyesal.",Negatif,alam donor buruk lambat buat sesal
2025-11-14,Pelayanan 24 jam sangat membantu warga yang sibuk bekerja shift.,Positif,layan jam sangat bantu warga sibuk kerja shift
2025-11-14,Mantap pelayanannya sangat prima dan memanjakan para pahlawan darah.,Positif,mantap layan sangat prima manja pahlawan darah
2025-11-14,Proses cek tekanan darah dilakukan dengan alat modern yang sangat akurat.,Positif,proses cek tekan darah laku alat modern sangat akurat
2025-11-15,Kunjungan berjalan wajar tanpa kejadian khusus.,Netral,kunjung jalan wajar jadi khusus
2025-11-15,Sangat efisien dari loket daftar sampai ruang observasi pemulihan.,Positif,sangat efisien loket daftar ruang observasi pulih
2025-11-16,Terima kasih atas keramahan seluruh staf yang bertugas melayani hari ini.,Positif,terima kasih atas ramah seluruh staf tugas layan hari
2025-11-16,Vena saya yang kecil bisa langsung ditemukan oleh perawat tanpa kendala.,Positif,vena yang kecil langsung temu awat kendala
2025-11-17,Parkiran sangat becek sehabis hujan mohon diperbaiki paving bloknya.,Negatif,parkir sangat becek habis hujan mohon baik paving blok
2025-11-17,Toilet dan musala sangat bersih serta terawat dengan sangat baik.,Positif,toilet musala sangat bersih awat sangat baik
2025-11-18,Prosedur screening berjalan sesuai standar operasional yang baku.,Netral,prosedur screening jalan sesuai standar operasional baku
2025-11-18,Sangat terbantu dengan panduan alur donor yang dipasang di berbagai sudut ruangan.,Positif,sangat bantu pandu alur donor pasang bagai sudut ruang
2025-11-19,Pelayanan profesional dengan hasil yang memuaskan.,Positif,layan profesional hasil muas
2025-11-19,Perawat sangat sopan dan selalu meminta izin sebelum melakukan tindakan penyuntikan.,Positif,awat sangat sopan selalu minta izin laku tindak sunti
2025-11-19,Ruangan observasi sangat nyaman dilengkapi televisi dan majalah.,Positif,ruang observasi sangat nyaman lengkap televisi majalah
2025-11-20,Pelayanan memuaskan dari waktu ke waktu terus meningkat.,Positif,layan muas waktu waktu terus tingkat
2025-11-20,Petugas pendaftaran kurang fokus dan malah asyik mengobrol sendiri saat melayani.,Negatif,tugas daftar kurang fokus malah asyik obrol sendiri layan
2025-11-21,Petugas cepat tanggap menangani pendonor yang terlihat pucat pusing.,Positif,tugas cepat tanggap tangan donor lihat pucat pusing
2025-11-21,Kapas dan plester ditutup dengan sangat rapi dan darah tidak rembes.,Positif,kapas plester tutup sangat rapi darah rembes
2025-11-22,Pengalaman standar tanpa hal yang spesial.,Netral,alam standar hal spesial
2025-11-22,Sangat puas mendonorkan darah secara rutin di tempat yang sebersih ini.,Positif,sangat puas donor darah rutin tempat bersih
2025-11-23,Sangat mudah proses pendaftarannya apalagi sekarang pakai mesin antrean.,Positif,sangat mudah proses daftar sekarang pakai mesin antre
2025-11-23,Dokter jaga selalu standby dan sigap melayani konsultasi tensi yang bermasalah.,Positif,dokter jaga selalu standby sigap layan konsultasi tensi masalah
2025-11-23,PMI Cirebon juara dalam memberikan pelayanan donor.,Positif,pmi cirebon juara beri layan donor
2025-11-24,Tidak ada masalah sejauh ini pelayanan berjalan standar UDD.,Netral,ada masalah jauh layan jalan standar udd
2025-11-24,Pelayanannya cepat jadi saya bisa langsung kembali beraktivitas ke kantor.,Positif,layan cepat jadi bisa langsung aktivitas kantor
2025-11-25,Saya menyesal memilih tempat ini karena layanannya parah.,Negatif,sesal pilih tempat karena layan parah
2025-11-25,Sangat mengapresiasi kinerja seluruh petugas PMI yang tak kenal lelah.,Positif,sangat apresiasi kerja seluruh tugas pmi tak kenal lelah
2025-11-26,Sangat edukatif banyak banner informasi kesehatan yang berguna di ruang tunggu.,Positif,sangat edukatif banyak banner informasi sehat guna ruang tunggu
2025-11-26,Layanannya sangat berkelas dan profesional setara klinik swasta.,Positif,layan sangat kelas profesional tara klinik swasta
2025-11-26,"Pelayanan lumayan, tidak terlalu cepat maupun lambat.",Netral,layan lumayan terlalu cepat maupun lambat
2025-11-27,Sangat terbantu dengan informasi ketersediaan golongan darah di layar monitor.,Positif,sangat bantu informasi sedia golong darah layar monitor
2025-11-27,Saya merasa sangat dihargai sebagai pahlawan kemanusiaan oleh para staf.,Positif,rasa sangat harga pahlawan manusia para staf
2025-11-28,Kunjungan yang lancar tanpa ada hambatan operasional sama sekali.,Netral,kunjung lancar ada hambat operasional sama sekali
2025-11-28,Fasilitas lengkap dan prosedur kebersihan selalu dijaga dengan ketat.,Positif,fasilitas lengkap prosedur bersih selalu jaga ketat
2025-11-28,Suara speaker pemanggilan nomor antrean terlalu melengking dan bikin kaget.,Negatif,suara speaker panggil nomor antre terlalu lengking bikin kaget
2025-11-29,Antrean sangat tertib dan kursi ruang tunggunya sangat memadai bagi pengantar.,Positif,antre sangat tertib kursi ruang tunggu sangat pada antar
2025-11-29,Pengalaman donor yang berkesan. Akan rutin mengajak rekan kerja ke sini.,Positif,alam donor kesan rutin ajak rekan kerja sini
2025-11-29,Daya tanggap security mengatur kelancaran parkir motor sangat patut dipuji.,Positif,daya tanggap security atur lancar parkir motor sangat patut puji
2025-11-30,Donor rutin bulanan prosedur standar dijalankan dengan baik.,Netral,donor rutin bulan prosedur standar jalan baik
2025-11-30,Semua proses dari ujung ke ujung berlangsung cepat tanggap dan memuaskan.,Positif,semua proses ujung ujung langsung cepat tanggap muas
2025-11-30,PMI Cirebon adalah contoh pelayanan publik yang bersih cepat dan aman.,Positif,pmi cirebon contoh layan publik bersih cepat aman
2025-12-01,Pelayanan akhir tahun yang sangat memuaskan dari PMI Kota Cirebon.,Positif,layan akhir tahun sangat muas pmi kota cirebon
2025-12-01,Petugas medis sangat cekatan dan senyumnya membuat pendonor merasa tenang.,Positif,tugas medis sangat cekat senyum buat donor rasa tenang
2025-12-02,Sistem komputer lelet sehingga pendaftaran menjadi sangat lambat.,Negatif,sistem komputer lelet daftar jadi sangat lambat
2025-12-02,Kunjungan donor rutin tiga bulanan. Pelayanan berjalan wajar seperti biasa.,Netral,kunjung donor rutin tiga bulan layan jalan wajar biasa
2025-12-03,Fasilitas gedung sangat sejuk bersih dan wangi.,Positif,fasilitas gedung sangat sejuk bersih wangi
2025-12-03,Pengambilan darah berjalan lancar dan sangat steril sesuai prosedur.,Positif,ambil darah jalan lancar sangat steril sesuai prosedur
2025-12-04,Saya kecewa karena keluhan tidak ditanggapi dengan baik.,Negatif,kecewa keluh tanggap baik
2025-12-04,Jarum masuk tanpa terasa sakit sama sekali sangat luar biasa keahlian perawatnya!,Positif,jarum masuk asa sakit sama sekali sangat luar biasa ahli awat
2025-12-05,Kunjungan berlangsung seperti biasa dan cukup lancar.,Netral,kunjung langsung biasa cukup lancar
2025-12-05,Petugas sangat ramah dan sabar melayani pendonor yang banyak bertanya.,Positif,tugas sangat ramah sabar layan donor banyak tanya
2025-12-06,Ruang tunggu sangat nyaman dan banyak kursi untuk pengantar.,Positif,ruang tunggu sangat nyaman banyak kursi antar
2025-12-06,Dokter screening memberikan penjelasan kesehatan yang sangat mudah dipahami.,Positif,dokter screening beri jelas sehat sangat mudah paham
2025-12-07,Sangat efisien tidak butuh waktu lama untuk selesai donor di sini.,Positif,sangat efisien butuh waktu lama selesai donor sini
2025-12-07,Prosedur berjalan normal tidak ada kendala operasional.,Netral,prosedur jalan normal ada kendala operasional
2025-12-08,Selalu senang berdonor di PMI karena pelayanannya memang terbukti bagus.,Positif,selalu senang donor pmi layan memang bukti bagus
2025-12-08,Mesin pencetak nomor antrean kertasnya habis dan lama tidak diisi ulang petugas.,Negatif,mesin cetak nomor antre kertas habis lama isi ulang tugas
2025-12-09,Sangat apresiasi kebersihan area bed donor yang selalu disemprot disinfektan.,Positif,sangat apresiasi bersih area bed donor selalu semprot disinfektan
2025-12-09,Petugas dengan sigap memandu alur dari awal sampai akhir.,Positif,tugas sigap pandu alur awal akhir
2025-12-10,Bingkisan snack sangat bermanfaat untuk memulihkan tenaga sehabis diambil darah.,Positif,bingkis snack sangat manfaat pulih tenaga habis ambil darah
2025-12-10,Sangat responsif menjawab semua pertanyaan dengan sopan dan santun.,Positif,sangat responsif jawab semua tanya sopan santun
2025-12-11,Rutinitas donor berjalan dengan lancar tanpa hambatan apapun.,Netral,rutinitas donor jalan lancar hambat apa
2025-12-11,Pelayanan petugas lab sangat cepat dan hasilnya bisa ditunggu.,Positif,layan tugas lab sangat cepat hasil tunggu
2025-12-12,Suasana ruangan tenang dan tidak berisik bikin nyaman saat darah diambil.,Positif,suasana ruang tenang tidak berisik bikin nyaman darah ambil
2025-12-12,Pengalaman hari ini sangat buruk serta mengecewakan.,Negatif,alam hari sangat buruk kecewa
2025-12-13,Alat yang digunakan selalu ditunjukkan masih tersegel rapi dan baru.,Positif,alat guna selalu tunjuk segel rapi baru
2025-12-13,Sistem komputerisasi membuat pencarian data saya yang lama jadi sangat cepat.,Positif,sistem komputerisasi buat cari data yang lama jadi sangat cepat
2025-12-14,Sangat salut dengan dedikasi para pahlawan kesehatan di PMI Cirebon.,Positif,sangat salut dedikasi pahlawan sehat pmi cirebon
2025-12-14,Semua cukup tertib dan prosesnya wajar.,Netral,semua cukup tertib proses wajar
2025-12-15,Penanganan pasca donor sangat diperhatikan tidak boleh langsung berdiri.,Positif,tangan pasca donor sangat perhati boleh langsung diri
2025-12-15,Sangat merekomendasikan PMI Cirebon untuk pengalaman berdonor yang berkelas.,Positif,sangat rekomendasi pmi cirebon alam donor kelas
2025-12-16,Petugas sombong dan membuat pendonor merasa tidak dihargai.,Negatif,tugas sombong buat donor rasa harga
2025-12-16,Pelayanan di akhir pekan sangat membantu saya yang sibuk kerja di hari biasa.,Positif,layan akhir pekan sangat bantu yang sibuk kerja hari biasa
2025-12-17,Mantap pelayanannya sangat prima dan memanjakan para pahlawan kemanusiaan.,Positif,mantap layan sangat prima manja pahlawan manusia
2025-12-17,Proses cek tekanan darah dan HB dilakukan dengan alat yang sangat modern.,Positif,proses cek tekan darah hb laku alat sangat modern
2025-12-18,Hanya mampir untuk donor rutin. Pelayanan cukup memadai.,Netral,mampir donor rutin layan cukup pada
2025-12-18,Sangat efisien dari loket daftar sampai ruang observasi.,Positif,sangat efisien loket daftar ruang observasi
2025-12-19,Terima kasih atas keramahan seluruh staf yang bertugas melayani dengan senyum.,Positif,terima kasih atas ramah seluruh staf tugas layan senyum
2025-12-19,Vena saya langsung ditemukan oleh perawat tidak perlu ditusuk berkali-kali.,Positif,vena langsung temu awat perlu tusuk kali kali
2025-12-20,Tempat sampah di toilet penuh dan belum dibuang oleh petugas kebersihan.,Negatif,tempat sampah toilet penuh belum buang tugas bersih
2025-12-20,Toilet dan musala sangat bersih serta wangi.,Positif,toilet musala sangat bersih wangi
2025-12-21,Pelayanan cukup memadai untuk donor darah rutin.,Netral,layan cukup pada donor darah rutin
2025-12-21,Sangat terbantu dengan panduan alur yang sangat informatif.,Positif,sangat bantu pandu alur sangat informatif
2025-12-22,Kinerja tim PMI sangat profesional dan luar biasa.,Positif,kerja tim pmi sangat profesional luar biasa
2025-12-22,Perawat sangat sopan dan tangannya ringan saat menyuntik.,Positif,awat sangat sopan tangan ringan suntik
2025-12-22,Ruangan observasi sangat nyaman untuk memulihkan diri pasca donor.,Positif,ruang observasi sangat nyaman pulih diri pasca donor
2025-12-23,Pelayanan memuaskan dari waktu ke waktu terus konsisten.,Positif,layan muas waktu waktu terus konsisten
2025-12-23,Pengalaman donor sangat mengecewakan dan membuat saya menyesal.,Negatif,alam donor sangat kecewa buat sesal
2025-12-24,Petugas cepat tanggap memberikan susu saat saya mengeluh agak kunang-kunang.,Positif,tugas cepat tanggap beri susu saya keluh nang nang
2025-12-24,Kapas dan plester ditutup dengan sangat rapat dan aman.,Positif,kapas plester tutup sangat rapat aman
2025-12-25,"Tidak ada yang istimewa, proses tetap normal.",Netral,ada istimewa proses tetap normal
2025-12-25,Sangat puas mendonorkan darah secara rutin di gedung yang baru ini.,Positif,sangat puas donor darah rutin gedung baru
2025-12-26,Sangat mudah proses pendaftarannya tinggal pencet layar mesin antrean.,Positif,sangat mudah proses daftar tinggal pencet layar mesin antre
2025-12-26,Dokter jaga selalu sigap memberikan edukasi tentang manfaat donor.,Positif,dokter jaga selalu sigap beri edukasi manfaat donor
2025-12-26,Lantainya sangat mengkilap dan bebas dari debu.,Positif,lantai sangat kilap bebas debu
2025-12-27,Tidak ada masalah sejauh ini pelayanan berjalan standar UDD PMI.,Netral,ada masalah jauh layan jalan standar udd pmi
2025-12-27,Pelayanannya cepat jadi bisa disempatkan saat jam istirahat kantor.,Positif,layan cepat jadi sempat jam istirahat kantor
2025-12-27,Petugas sombong dan tidak ramah ketika melayani masyarakat.,Negatif,tugas sombong tidak ramah layan masyarakat
2025-12-28,Sangat mengapresiasi kinerja seluruh tenaga medis yang tetap ramah di akhir tahun.,Positif,sangat apresiasi kerja seluruh tenaga medis tetap ramah akhir tahun
2025-12-28,PMI memberikan layanan mantap dengan proses yang cepat.,Positif,pmi beri layan mantap proses cepat
2025-12-28,Layanannya sangat berkelas bersih dan terpercaya.,Positif,layan sangat kelas bersih percaya
2025-12-29,Pelayanan cukup baik dalam batas yang wajar.,Netral,layan cukup baik batas wajar
2025-12-29,Sangat terbantu dengan aplikasi dan informasi ketersediaan darah.,Positif,sangat bantu aplikasi informasi sedia darah
2025-12-29,Saya merasa sangat bangga bisa mendonor dengan pelayanan sebaik ini.,Positif,rasa sangat bangga donor layan baik
2025-12-30,Kunjungan penutup tahun yang lancar tanpa ada hambatan operasional.,Netral,kunjung tutup tahun lancar ada hambat operasional
2025-12-30,Fasilitas sangat lengkap dan standar kebersihan selalu diutamakan.,Positif,fasilitas sangat lengkap standar bersih selalu utama
2025-12-30,Sayang sekali stok kalender suvenir akhir tahun sudah habis.,Negatif,sayang sekali stok kalender suvenir akhir tahun habis
2025-12-31,Antrean sangat tertib dan ruangannya nyaman meski pengunjung membludak di akhir tahun.,Positif,antre sangat tertib ruang nyaman meski unjung membludak akhir tahun
2025-12-31,Pengalaman donor yang luar biasa. Sukses selalu PMI Kota Cirebon.,Positif,alam donor luar biasa sukses selalu pmi kota cirebon
2025-12-31,Daya tanggap security mengatur parkir sangat membantu kelancaran kendaraan.,Positif,daya tanggap security atur parkir sangat bantu lancar kendara
2025-12-31,Pelayanan standar dan saya merasa sehat setelah rutin berdonor.,Netral,layan standar saya rasa sehat rutin donor
2026-01-01,Pelayanan awal tahun yang sangat ramah dan profesional dari PMI Cirebon.,Positif,layan awal tahun sangat ramah profesional pmi cirebon
2026-01-01,Gedung sangat bersih dan fasilitas ruang tunggunya sangat nyaman.,Positif,gedung sangat bersih fasilitas ruang tunggu sangat nyaman
2026-01-02,Saya rutin berdonor di sini setiap tiga bulan. Layanannya standar saja.,Netral,rutin donor sini tiga bulan layan standar
2026-01-02,Proses administrasi sangat mengecewakan dan tidak profesional.,Negatif,proses administrasi sangat kecewa tidak profesional
2026-01-03,Saya mendapat bantuan cepat dari petugas yang ramah.,Positif,dapat bantu cepat tugas ramah
2026-01-03,Antrean di loket administrasi cukup panjang karena banyak pendonor.,Negatif,antre loket administrasi cukup panjang banyak donor
2026-01-04,Petugas cepat tanggap dan memberikan bantuan dengan ramah.,Positif,tugas cepat tanggap beri bantu ramah
2026-01-04,"Saya datang rutin, pelayanan masih seperti biasa.",Netral,datang rutin layan seperti biasa
2026-01-05,Petugas sangat edukatif menjelaskan pentingnya donor darah secara rutin.,Positif,tugas sangat edukatif jelas penting donor darah rutin
2026-01-05,Snack yang diberikan enak dan cukup untuk memulihkan tenaga.,Positif,snack beri enak cukup pulih tenaga
2026-01-06,Sistem pendaftaran dengan layar digital sangat mempermudah alur antrean.,Positif,sistem daftar layar digital sangat mudah alur antre
2026-01-06,Ruang tunggu agak panas karena ada satu AC yang sepertinya bocor.,Negatif,ruang tunggu panas ada satu ac seperti bocor
2026-01-07,Dokter screening sangat teliti memeriksa tekanan darah saya.,Positif,dokter screening sangat teliti periksa tekan darah
2026-01-07,Sangat puas dengan keramahan dan senyum para staf di sini.,Positif,sangat puas ramah senyum staf sini
2026-01-08,"Semuanya normal, tidak ada masalah berarti hari ini.",Netral,semua normal ada masalah arti hari
2026-01-08,Sangat responsif melayani keluhan dan kebutuhan pendonor.,Positif,sangat responsif layan keluh butuh donor
2026-01-09,Sangat terorganisir dengan rapi dari awal kedatangan sampai pulang.,Positif,sangat organisir rapi awal datang pulang
2026-01-09,Petugas di loket depan kurang ramah saat menjawab pertanyaan saya.,Negatif,tugas loket depan kurang ramah jawab tanya
2026-01-10,Bed donor selalu dibersihkan setiap kali berganti orang. Sangat steril.,Positif,bed donor selalu bersih kali ganti orang sangat steril
2026-01-10,Biasa saja tidak ada yang spesial dari pelayanan hari ini.,Netral,biasa tidak yang spesial layan hari
2026-01-11,Layanan 24 jam ini sangat membantu kami yang baru pulang kerja shift malam.,Positif,layan jam sangat bantu yang baru pulang kerja shift malam
2026-01-11,Sangat salut dengan dedikasi para tenaga kesehatan di PMI Kota Cirebon.,Positif,sangat salut dedikasi tenaga sehat pmi kota cirebon
2026-01-12,Cepat dan tanggap saat saya merasa agak pusing setelah diambil darah.,Positif,cepat tanggap saya rasa pusing ambil darah
2026-01-12,Kertas antrean habis dan lama tidak diisi ulang oleh petugas jaga.,Negatif,kertas antre habis lama isi ulang tugas jaga
2026-01-13,Alat yang digunakan selalu ditunjukkan masih tersegel rapi di depan mata.,Positif,alat guna selalu tunjuk segel rapi depan mata
2026-01-13,Saya merasa sangat dihargai sebagai pahlawan kemanusiaan di sini.,Positif,rasa sangat harga pahlawan manusia sini
2026-01-14,Standar operasional terpenuhi dengan baik dan memadai.,Netral,standar operasional penuh baik pada
2026-01-14,Kapas dan plester ditutup dengan sangat rapi dan darah langsung berhenti.,Positif,kapas plester tutup sangat rapi darah langsung henti
2026-01-15,Fasilitasnya sangat mendukung kenyamanan pengunjung yang datang.,Positif,fasilitas sangat dukung nyaman unjung datang
2026-01-15,Panggilan nomor antrean suaranya kurang jelas terdengar ke belakang.,Negatif,panggil nomor antre suara kurang jelas dengar belakang
2026-01-16,Sangat cepat dan petugas lab-nya cekatan. Layanannya berkelas.,Positif,sangat cepat tugas lab nya cekat layan kelas
2026-01-16,Pelayanan memuaskan dan perawatnya murah senyum semua.,Positif,layan muas awat murah senyum semua
2026-01-17,Rutinitas donor tiga bulanan berjalan dengan lancar tanpa hambatan.,Netral,rutinitas donor tiga bulan jalan lancar hambat
2026-01-17,Petugas dengan sigap membantu mengambilkan air minum hangat.,Positif,tugas sigap bantu ambil air minum hangat
2026-01-18,Sangat merekomendasikan tempat ini bagi yang ingin mulai rutin berdonor.,Positif,sangat rekomendasi tempat bagi ingin mulai rutin donor
2026-01-18,Toilet kotor dan basah tolong petugas *cleaning service* lebih sigap.,Negatif,toilet kotor basah tugas cleaning service lebih sigap
2026-01-19,Pelayanan dari ujung ke ujung sangat sopan dan beretika tinggi.,Positif,layan ujung ujung sangat sopan etika tinggi
2026-01-19,Sangat efisien prosesnya tidak membuang waktu saya sama sekali.,Positif,sangat efisien proses buang waktu sama sekali
2026-01-20,Proses donor berjalan normal seperti biasa tidak ada kendala.,Netral,proses donor jalan normal biasa ada kendala
2026-01-20,Apresiasi untuk satpam yang sangat membantu mengarahkan parkir kendaraan.,Positif,apresiasi satpam sangat bantu arah parkir kendara
2026-01-21,Banyak edukasi menarik yang bisa dibaca di ruang tunggu selama menunggu.,Positif,banyak edukasi tarik bisa baca ruang tunggu lama tunggu
2026-01-21,Semakin hari pelayanannya makin bagus dan ditunjang alat yang modern.,Positif,makin hari layan makin bagus tunjang alat modern
2026-01-22,Saya sangat merekomendasikan tempat ini karena profesional.,Positif,sangat rekomendasi tempat karena profesional
2026-01-22,"Petugas tidak ramah, proses lelet, dan kualitasnya jelek.",Negatif,tugas ramah proses lelet kualitas jelek
2026-01-23,Standar kesehatan terjaga dengan baik. Kunjungan rutin berjalan mulus.,Netral,standar sehat jaga baik kunjung rutin jalan mulus
2026-01-23,Petugas handal sekali vena saya yang tersembunyi bisa langsung ditemukan.,Positif,tugas handal sekali vena yang sembunyi langsung temu
2026-01-24,Sangat apresiasi kebersihan toilet dan musala yang tersedia.,Positif,sangat apresiasi bersih toilet musala sedia
2026-01-24,Layanan prima. Fasilitas gedung baru ini memang memberikan kenyamanan.,Positif,layan prima fasilitas gedung baru memang beri nyaman
2026-01-25,Pengalaman donor darah yang menyenangkan. Akan terus donor di sini.,Positif,alam donor darah senang terus donor sini
2026-01-25,Jarum ditusuk dengan kurang pas sehingga area lengan saya membengkak biru.,Negatif,jarum tusuk kurang pas area lengan bengkak biru
2026-01-26,Pelayanan normal dan fasilitas cukup untuk pendonor.,Netral,layan normal fasilitas cukup donor
2026-01-26,Sangat puas dengan pelayanan yang cepat dan tepat sasaran.,Positif,sangat puas layan cepat tepat sasar
2026-01-27,Ruangan pelayanan terasa sangat higienis bebas dari debu dan kotoran.,Positif,ruang layan asa sangat higienis bebas debu kotor
2026-01-27,Suka dengan sistem antrean yang sudah menggunakan teknologi layar sentuh.,Positif,suka sistem antre sudah guna teknologi layar sentuh
2026-01-28,Satpam sangat cepat tanggap memberikan arahan bagi mobil yang baru masuk.,Positif,satpam sangat cepat tanggap beri arah mobil baru masuk
2026-01-28,Proses observasi pasca donor sangat diperhatikan dengan baik.,Positif,proses observasi pasca donor sangat perhati baik
2026-01-29,Selesai donor tepat waktu tidak ada hal yang istimewa hari ini.,Netral,selesai donor tepat waktu ada yang istimewa hari
2026-01-29,Pelayanan mantap sejak pendaftaran sampai selesai donor.,Positif,layan mantap sejak daftar selesai donor
2026-01-30,Dokter sangat teliti memeriksa tekanan darah dan riwayat minum obat.,Positif,dokter sangat teliti periksa tekan darah riwayat minum obat
2026-01-30,Kondisi toilet kotor serta menimbulkan bau tidak sedap.,Negatif,kondisi toilet kotor timbul bau sedap
2026-01-31,Pelayanan di hari libur tetap maksimal dan petugasnya penuh semangat.,Positif,layan hari libur tetap maksimal tugas penuh semangat
2026-01-31,Sangat menghargai pelayanan petugas hari ini. Mantap sekali.,Positif,sangat harga layan tugas hari mantap sekali
2026-01-31,Kunjungan donor biasa. Berjalan sesuai aturan yang ada.,Netral,kunjung donor biasa jalan sesuai atur ada
2026-01-31,Rutin donor selalu nyaman berdonor di tempat yang profesional ini.,Positif,rutin donor selalu nyaman donor tempat profesional
2026-01-31,Penutupan bulan dengan layanan yang sangat luar biasa dari PMI.,Positif,tutup bulan layan sangat luar biasa pmi
2026-01-31,Fasilitasnya top dan kualitas layanannya memang teruji.,Positif,fasilitas top kualitas layan memang uji
2026-02-01,Pelayanan awal bulan Februari yang sangat cepat dan memuaskan.,Positif,layan awal bulan februari sangat cepat muas
2026-02-01,Ruangan sejuk dan suasananya bikin rileks sebelum diambil darah.,Positif,ruang sejuk suasana bikin rileks ambil darah
2026-02-02,Saya mendapati noda darah di bed donor yang belum dibersihkan sebelum saya berbaring. Ini *biohazard* yang bisa menyebarkan infeksi!,Negatif,dapat noda darah bed donor belum bersih saya baring biohazard bisa sebar infeksi
2026-02-02,Biasa saja sama layaknya pelayanan instansi publik pada umumnya.,Netral,biasa sama layak layan instansi publik umum
2026-02-03,Saya puas dan akan kembali karena layanannya recommended.,Positif,puas akan karena layan recommended
2026-02-03,Petugas ramah dan hasil pelayanan sangat memuaskan.,Positif,tugas ramah hasil layan sangat muas
2026-02-04,Sangat cepat daftar via mesin antrean mandiri sangat efisien.,Positif,sangat cepat daftar via mesin antre mandiri sangat efisien
2026-02-04,Petugas kurang ramah dan terlihat kelelahan saat melayani antrean siang.,Negatif,tugas kurang ramah lihat lelah layan antre siang
2026-02-05,Mendonorkan darah jadi rutinitas yang menyenangkan berkat staf yang baik.,Positif,donor darah jadi rutinitas senang berkat staf baik
2026-02-05,Kunjungan yang lancar tanpa ada hambatan operasional sama sekali.,Netral,kunjung lancar ada hambat operasional sama sekali
2026-02-06,Fasilitas lengkap dan prosedur kebersihan selalu dijaga dengan ketat.,Positif,fasilitas lengkap prosedur bersih selalu jaga ketat
2026-02-06,Sangat terbantu dengan informasi ketersediaan golongan darah di lobi.,Positif,sangat bantu informasi sedia golong darah lobi
2026-02-07,"Semua berjalan standar, tidak ada masalah besar.",Netral,semua jalan standar ada masalah besar
2026-02-07,Layanannya sangat berkelas dan profesional setara klinik swasta.,Positif,layan sangat kelas profesional tara klinik swasta
2026-02-08,Sangat edukatif banyak *banner* informasi kesehatan yang berguna.,Positif,sangat edukatif banyak banner informasi sehat guna
2026-02-08,AC di ruang tunggu mati jadi pendonor kepanasan menunggu giliran.,Negatif,ac ruang tunggu mati jadi donor panas tunggu gilir
2026-02-09,Sangat mengapresiasi kinerja seluruh petugas PMI yang tak kenal lelah.,Positif,sangat apresiasi kerja seluruh tugas pmi tak kenal lelah
2026-02-09,Pelayanannya cepat jadi saya bisa langsung kembali bekerja.,Positif,layan cepat jadi bisa langsung kerja
2026-02-10,Tidak ada masalah sejauh ini pelayanan berjalan standar UDD.,Netral,ada masalah jauh layan jalan standar udd
2026-02-10,Ruangan sangat bersih bebas dari debu dan lantainya mengkilap.,Positif,ruang sangat bersih bebas debu lantai kilap
2026-02-11,Dokter jaga selalu siaga melayani konsultasi tensi yang bermasalah.,Positif,dokter jaga selalu siaga layan konsultasi tensi masalah
2026-02-11,Sangat mudah proses pendaftarannya tidak membingungkan sama sekali.,Positif,sangat mudah proses daftar bingung sama sekali
2026-02-12,Antrean tertib dan kursi ruang tunggunya sangat memadai bagi pengantar.,Positif,antre tertib kursi ruang tunggu sangat pada antar
2026-02-12,Tempat sampah di area ruang tunggu kepenuhan dan bau tidak sedap.,Negatif,tempat sampah area ruang tunggu penuh bau sedap
2026-02-13,Fasilitas standar dengan pelayanan yang cukup.,Netral,fasilitas standar layan cukup
2026-02-13,Kapas dan plester ditutup dengan sangat rapi dan darah tidak rembes.,Positif,kapas plester tutup sangat rapi darah rembes
2026-02-14,Petugas cepat tanggap menangani pendonor yang terlihat pucat.,Positif,tugas cepat tanggap tangan donor lihat pucat
2026-02-14,Pelayanan memuaskan dari waktu ke waktu terus meningkat pesat.,Positif,layan muas waktu waktu terus tingkat pesat
2026-02-15,Saya puas karena prosesnya cepat dan petugasnya ramah.,Positif,puas proses cepat tugas ramah
2026-02-15,Stok bingkisan habis padahal saya pendonor rombongan.,Negatif,stok bingkis habis padahal donor rombong
2026-02-16,Perawat sangat sopan dan selalu meminta izin sebelum menyuntik.,Positif,awat sangat sopan selalu minta izin suntik
2026-02-16,Sangat terorganisir antreannya dari mulai daftar sampai ambil suvenir.,Positif,sangat organisir antre mulai daftar ambil suvenir
2026-02-17,Sangat terbantu dengan panduan alur donor yang dipasang di dinding.,Positif,sangat bantu pandu alur donor pasang dinding
2026-02-17,Prosedur screening berjalan sesuai standar operasional yang baku.,Netral,prosedur screening jalan sesuai standar operasional baku
2026-02-18,Toilet dan musala sangat bersih serta terawat dengan sangat baik.,Positif,toilet musala sangat bersih awat sangat baik
2026-02-18,Vena saya yang kecil bisa langsung ditemukan oleh perawat tanpa kendala.,Positif,vena yang kecil langsung temu awat kendala
2026-02-19,Terima kasih atas keramahan seluruh staf yang bertugas melayani hari ini.,Positif,terima kasih atas ramah seluruh staf tugas layan hari
2026-02-19,Parkiran sangat sempit dan susah keluar saat jam sibuk sore hari.,Negatif,parkir sangat sempit susah keluar jam sibuk sore hari
2026-02-20,Sangat efisien dari loket daftar sampai ruang observasi pemulihan.,Positif,sangat efisien loket daftar ruang observasi pulih
2026-02-20,Hanya mampir untuk donor rutin. Pelayanan cukup memadai.,Netral,mampir donor rutin layan cukup pada
2026-02-21,Proses cek tekanan darah dilakukan dengan alat modern yang akurat.,Positif,proses cek tekan darah laku alat modern akurat
2026-02-21,Mantap pelayanannya sangat prima dan memanjakan para pahlawan darah.,Positif,mantap layan sangat prima manja pahlawan darah
2026-02-22,Pelayanan 24 jam sangat membantu warga yang sibuk bekerja.,Positif,layan jam sangat bantu warga sibuk kerja
2026-02-22,Suara petugas yang memanggil sangat pelan jadi saya kelewatan giliran.,Negatif,suara tugas panggil sangat pelan jadi lewat gilir
2026-02-23,Sangat merekomendasikan PMI Cirebon untuk pengalaman berdonor yang aman.,Positif,sangat rekomendasi pmi cirebon alam donor aman
2026-02-23,Penanganan pasca donor sangat diperhatikan dengan detail oleh perawat.,Positif,tangan pasca donor sangat perhati detail awat
2026-02-24,Semuanya biasa saja berjalan sesuai nomor antrean pendaftaran.,Netral,semua biasa jalan sesuai nomor antre daftar
2026-02-24,Sangat salut dengan dedikasi para petugas kesehatan di sini.,Positif,sangat salut dedikasi tugas sehat sini
2026-02-25,"Proses donor lancar, nyaman, dan terasa sangat baik.",Positif,proses donor lancar nyaman asa sangat baik
2026-02-25,Saya diberi kartu keterangan donor dengan nama orang lain di loket. Ini kesalahan identifikasi administrasi yang sangat fatal!,Negatif,beri kartu terang donor nama orang di loket salah identifikasi administrasi sangat fatal
2026-02-26,Alat yang digunakan selalu ditunjukkan masih tersegel rapi.,Positif,alat guna selalu tunjuk segel rapi
2026-02-26,Suasana ruangan tenang dan tidak berisik bikin rileks.,Positif,suasana ruang tenang tidak berisik bikin rileks
2026-02-27,Pelayanan petugas lab sangat cepat dan hasilnya memuaskan.,Positif,layan tugas lab sangat cepat hasil muas
2026-02-27,Rutinitas donor tiga bulanan berjalan dengan lancar tanpa hambatan.,Netral,rutinitas donor tiga bulan jalan lancar hambat
2026-02-28,Bingkisan snack sangat memulihkan tenaga sehabis diambil darah.,Positif,bingkis snack sangat pulih tenaga habis ambil darah
2026-02-28,Petugas dengan sigap membantu mengambilkan air hangat setelah donor.,Positif,tugas sigap bantu ambil air hangat donor
2026-02-28,Sangat apresiasi kebersihan area bed donor yang disterilkan ulang.,Positif,sangat apresiasi bersih area bed donor steril ulang
2026-02-28,Sangat responsif menjawab pertanyaan saya mengenai efek samping donor.,Positif,sangat responsif jawab tanya kena efek samping donor
2026-02-28,Pelayanan penutup Februari yang mantap. Maju terus PMI Cirebon.,Positif,layan tutup februari mantap maju terus pmi cirebon
2026-02-28,Kondisi PMI wajar dan pelayanannya lumayan.,Netral,kondisi pmi wajar layan lumayan
2026-03-01,Mengawali bulan Maret dengan layanan donor yang sangat ramah.,Positif,awal bulan maret layan donor sangat ramah
2026-03-01,Petugas medis sangat cekatan dan profesional dalam mencari pembuluh darah.,Positif,tugas medis sangat cekat profesional cari buluh darah
2026-03-02,"Pengalaman standar, fasilitas cukup, dan proses normal.",Netral,alam standar fasilitas cukup proses normal
2026-03-02,Saya melihat perawat membersihkan lengan saya dengan kapas alkohol kering yang sudah menguap. Sterilisasi jarum sangat berisiko tolong perhatikan SOP!,Negatif,lihat awat bersih lengan dengan kapas alkohol kering sudah uap sterilisasi jarum sangat risiko perhati sop
2026-03-03,Gedung bersih dan fasilitas sangat nyaman untuk pengunjung.,Positif,gedung bersih fasilitas sangat nyaman unjung
2026-03-03,Pengambilan darah berjalan lancar dan minim rasa sakit.,Positif,ambil darah jalan lancar minim rasa sakit
2026-03-04,Datang untuk donor darah rutin proses berjalan standar.,Netral,datang donor darah rutin proses jalan standar
2026-03-04,"Fasilitas bau, kotor, dan proses pelayanan terlalu lambat.",Negatif,fasilitas bau kotor proses layan terlalu lambat
2026-03-05,Petugas sangat ramah dan sabar melayani pendonor lansia.,Positif,tugas sangat ramah sabar layan donor lansia
2026-03-05,Ruang tunggu sangat nyaman dan banyak kursi empuk.,Positif,ruang tunggu sangat nyaman banyak kursi empuk
2026-03-06,"Proses donor mantap, cepat, dan sangat memuaskan.",Positif,proses donor mantap cepat sangat muas
2026-03-06,Sangat efisien tidak butuh waktu lama untuk selesai mendonorkan darah.,Positif,sangat efisien butuh waktu lama selesai donor darah
2026-03-07,Prosedur berjalan normal tidak ada kendala berarti hari ini.,Netral,prosedur jalan normal ada kendala arti hari
2026-03-07,Selalu senang berdonor di sini karena layanannya bintang lima.,Positif,selalu senang donor sini layan bintang lima
2026-03-08,Sistem antrean online sangat memudahkan pendaftaran dari rumah.,Positif,sistem antre online sangat mudah daftar rumah
2026-03-08,Sangat lambat pergerakan antreannya petugasnya asyik mengobrol.,Negatif,sangat lambat gera antre tugas asyik obrol
2026-03-09,Petugas sigap membantu mengambilkan air minum setelah saya merasa lemah.,Positif,tugas sigap bantu ambil air minum saya rasa lemah
2026-03-09,Suvenir tas yang diberikan sangat bermanfaat. Terima kasih PMI.,Positif,suvenir tas beri sangat manfaat terima kasih pmi
2026-03-10,Rutinitas donor berjalan dengan lancar tanpa hambatan apapun.,Netral,rutinitas donor jalan lancar hambat apa
2026-03-10,Hasil cek HB lab keluar sangat cepat tidak perlu menunggu lama.,Positif,hasil cek hb lab keluar sangat cepat perlu tunggu lama
2026-03-11,Suasana ruangan tenang sangat mendukung kenyamanan mental pendonor.,Positif,suasana ruang tenang sangat dukung nyaman mental donor
2026-03-11,Banyak lalat di sekitar ruang tunggu tolong kebersihannya diperhatikan.,Negatif,banyak lalat sekitar ruang tunggu bersih perhati
2026-03-12,Segel jarum dibuka tepat di depan mata saya. Sangat terjamin steril.,Positif,segel jarum buka tepat depan mata sangat jamin steril
2026-03-12,Sistem komputer yang baru membuat proses jauh lebih ngebut.,Positif,sistem komputer baru buat proses jauh lebih ngebut
2026-03-13,Sangat bangga bisa donor di PMI Cirebon yang fasilitasnya hebat.,Positif,sangat bangga donor pmi cirebon fasilitas hebat
2026-03-13,Semuanya biasa saja berjalan sesuai dengan standar yang ada.,Netral,semua biasa jalan sesuai standar ada
2026-03-14,Penanganan pemulihan sangat diperhatikan dengan detail oleh perawat jaga.,Positif,tangan pulih sangat perhati detail awat jaga
2026-03-14,Ruang tunggu agak kotor banyak bungkus makanan yang tertinggal di meja.,Negatif,ruang tunggu kotor banyak bungkus makan tinggal meja
2026-03-15,Sangat merekomendasikan PMI Cirebon untuk teman-teman kantor saya.,Positif,sangat rekomendasi pmi cirebon teman teman kantor
2026-03-15,Pelayanan luar biasa bagus dan sangat memuaskan hari ini.,Positif,layan luar biasa bagus sangat muas hari
2026-03-16,Pelayanannya mantap sangat prima dan menghargai para pendonor.,Positif,layan mantap sangat prima harga donor
2026-03-16,Proses tensi darah cepat dan alat yang digunakan canggih.,Positif,proses tensi darah cepat alat guna canggih
2026-03-17,Kunjungan biasa dengan proses donor yang normal.,Netral,kunjung biasa proses donor normal
2026-03-17,Sangat efisien dari loket daftar sampai ruang observasi.,Positif,sangat efisien loket daftar ruang observasi
2026-03-18,Terima kasih atas keramahan seluruh staf yang bertugas dengan tulus.,Positif,terima kasih atas ramah seluruh staf tugas tulus
2026-03-18,Ruang observasi kotor dan penanganan setelah donor sangat lambat.,Negatif,ruang observasi kotor tangan donor sangat lambat
2026-03-19,Jarum langsung masuk pas ke pembuluh darah karena perawatnya jago.,Positif,jarum langsung masuk pas buluh darah awat jago
2026-03-19,Toilet pendonor wangi bersih dan tisu selalu tersedia.,Positif,toilet donor wangi bersih tisu selalu sedia
2026-03-20,Fasilitas lumayan dan alurnya sesuai prosedur.,Netral,fasilitas lumayan alur sesuai prosedur
2026-03-20,Sangat terbantu dengan panduan alur donor yang jelas di lokasi.,Positif,sangat bantu pandu alur donor jelas lokasi
2026-03-21,Donor darah di sini terasa nyaman karena layanan sangat baik.,Positif,donor darah sini asa nyaman layan sangat baik
2026-03-21,Petugas terlalu kasar menarik jarum sehingga tangan saya memar besar.,Negatif,tugas terlalu kasar tarik jarum tangan memar besar
2026-03-22,Ruangan pemulihan nyaman dilengkapi televisi untuk hiburan.,Positif,ruang pulih nyaman lengkap televisi hibur
2026-03-22,Pelayanan memuaskan dari waktu ke waktu terus konsisten.,Positif,layan muas waktu waktu terus konsisten
2026-03-23,Selesai donor tepat waktu tidak ada yang terlalu spesial hari ini.,Netral,selesai donor tepat waktu ada terlalu spesial hari
2026-03-23,Petugas tanggap memberikan arahan bagi pendonor yang baru pertama kali.,Positif,tugas tanggap beri arah donor baru pertama kali
2026-03-24,Sangat puas mendonorkan darah secara rutin di tempat yang higienis ini.,Positif,sangat puas donor darah rutin tempat higienis
2026-03-24,Mesin cetak antrean *error* jadi harus antre manual yang merepotkan.,Negatif,mesin cetak antre error jadi antre manual repot
2026-03-25,Sangat mudah proses pendaftarannya apalagi sekarang pakai layar sentuh.,Positif,sangat mudah proses daftar sekarang pakai layar sentuh
2026-03-25,Dokter jaga selalu siaga menjawab pertanyaan konsultasi saya.,Positif,dokter jaga selalu siaga jawab tanya konsultasi
2026-03-26,Ruangan sangat bersih bebas dari debu dan kuman.,Positif,ruang sangat bersih bebas debu kuman
2026-03-26,Tidak ada masalah sejauh ini pelayanan berjalan standar UDD.,Netral,ada masalah jauh layan jalan standar udd
2026-03-27,Pelayanannya cepat jadi saya bisa manfaatkan jam istirahat siang.,Positif,layan cepat jadi bisa manfaat jam istirahat siang
2026-03-27,AC di dekat loket pendaftaran mati jadi petugas dan pendonor kegerahan.,Negatif,ac dekat loket daftar mati jadi tugas donor gerah
2026-03-28,Sangat mengapresiasi kinerja seluruh petugas PMI yang tak kenal lelah.,Positif,sangat apresiasi kerja seluruh tugas pmi tak kenal lelah
2026-03-28,Sangat edukatif banyak *banner* informasi gizi yang berguna di lobi.,Positif,sangat edukatif banyak banner informasi gizi guna lobi
2026-03-29,Layanannya sangat berkelas dan profesional setara rumah sakit besar.,Positif,layan sangat kelas profesional tara rumah sakit besar
2026-03-29,Proses donor berjalan normal seperti biasa tidak ada kendala.,Netral,proses donor jalan normal biasa ada kendala
2026-03-30,Sangat terbantu dengan aplikasi informasi stok darah yang *real-time*.,Positif,sangat bantu aplikasi informasi stok darah real time
2026-03-30,Saya merasa diabaikan saat bertanya kepada petugas loket yang sibuk main HP.,Negatif,rasa abai tanya tugas loket sibuk main hp
2026-03-31,Kunjungan penutup Triwulan yang lancar tanpa ada hambatan operasional.,Netral,kunjung tutup triwulan lancar ada hambat operasional
2026-03-31,Fasilitas lengkap dan prosedur kebersihan selalu dijaga dengan ketat.,Positif,fasilitas lengkap prosedur bersih selalu jaga ketat
2026-03-31,Sangat terorganisir alur antreannya dari masuk sampai keluar ruangan.,Positif,sangat organisir alur antre masuk keluar ruang
2026-03-31,Terima kasih PMI Kota Cirebon atas layanan terbaiknya di triwulan ini.,Positif,terima kasih pmi kota cirebon atas layan baik triwulan
2026-01-10,Sangat terbantu dengan pelayanan donor darah hari ini.,Positif,sangat bantu layan donor darah hari
2026-01-25,Petugas kurang senyum saat melayani di loket pendaftaran.,Negatif,tugas kurang senyum layan loket daftar
2026-02-05,"Pengalaman hari ini mantap, cepat, dan tidak mengecewakan.",Positif,alam hari mantap cepat tidak kecewa
2026-02-14,Pelayanan berjalan seperti biasa sesuai prosedur.,Netral,layan jalan biasa sesuai prosedur
2026-02-28,Ruangan sejuk dan bersih membuat suasana jadi nyaman.,Positif,ruang sejuk bersih buat suasana jadi nyaman
2026-03-05,Saya sangat apresiasi keramahan perawat di PMI Cirebon.,Positif,sangat apresiasi ramah awat pmi cirebon
2026-03-15,Kecewa karena antrean dipanggil tidak sesuai nomor urut.,Negatif,kecewa antre panggil sesuai nomor urut
2026-03-25,Donor darah rutin bulanan berjalan lancar jaya.,Positif,donor darah rutin bulan jalan lancar jaya
2026-04-01,Pelayanan di awal bulan sangat prima dan tidak mengecewakan.,Positif,layan awal bulan sangat prima tidak kecewa
2026-04-01,Petugas pendaftaran sangat cekatan sehingga antrean cepat terurai.,Positif,tugas daftar sangat cekat antre cepat urai
2026-04-02,Saya rutin donor darah di sini. Layanannya standar dan normal.,Netral,rutin donor darah sini layan standar normal
2026-04-02,Saya melihat petugas tidak mengganti sarung tangan medis saat mengambil sampel darah pendonor. SOP infeksi tolong dijaga ketat!,Negatif,lihat tugas ganti sarung tangan medis ambil sampel darah donor sop infeksi jaga ketat
2026-04-03,Jarum dipasang dengan sangat ahli tidak terasa sakit sedikit pun.,Positif,jarum pasang sangat ahli asa sakit sedikit
2026-04-03,Mesin pencetak antrean rusak jadi harus antre manual yang memakan waktu.,Negatif,mesin cetak antre rusak jadi antre manual makan waktu
2026-04-04,Sangat efisien dari daftar sampai selesai tidak butuh waktu lama.,Positif,sangat efisien daftar selesai butuh waktu lama
2026-04-04,Donor berjalan wajar dan normal seperti kunjungan sebelumnya.,Netral,donor jalan wajar normal kunjung belum
2026-04-04,Petugas sangat edukatif menjelaskan pentingnya donor darah.,Positif,tugas sangat edukatif jelas penting donor darah
2026-04-05,"Pelayanan sangat baik, tertib, bersih, dan nyaman.",Positif,layan sangat baik tertib bersih nyaman
2026-04-05,Sistem pendaftaran dengan layar digital sangat mempermudah alur.,Positif,sistem daftar layar digital sangat mudah alur
2026-04-06,Saya menyesal datang karena pelayanan buruk dan tidak tertib.,Negatif,sesal datang layan buruk tidak tertib
2026-04-06,Dokter screening sangat teliti memeriksa tekanan darah saya.,Positif,dokter screening sangat teliti periksa tekan darah
2026-04-07,Sangat puas dengan keramahan dan senyum para staf PMI Cirebon.,Positif,sangat puas ramah senyum staf pmi cirebon
2026-04-07,Semuanya wajar sesuai standar pelayanan.,Netral,semua wajar sesuai standar layan
2026-04-08,Sangat responsif melayani keluhan dan kebutuhan pendonor.,Positif,sangat responsif layan keluh butuh donor
2026-04-08,Sangat terorganisir dengan rapi dari awal kedatangan sampai pulang.,Positif,sangat organisir rapi awal datang pulang
2026-04-09,Petugas di loket depan kurang ramah saat menjawab pertanyaan.,Negatif,tugas loket depan kurang ramah jawab tanya
2026-04-09,Bed donor selalu dibersihkan setiap kali berganti orang. Sangat steril.,Positif,bed donor selalu bersih kali ganti orang sangat steril
2026-04-10,Layanan 24 jam sangat membantu kami yang baru pulang kerja malam.,Positif,layan jam sangat bantu yang baru pulang kerja malam
2026-04-10,Pelayanan cukup untuk kebutuhan donor rutin.,Netral,layan cukup butuh donor rutin
2026-04-10,Sangat salut dengan dedikasi para tenaga kesehatan di PMI.,Positif,sangat salut dedikasi tenaga sehat pmi
2026-04-11,Kinerja loket parah karena antrean panjang tidak terkendali.,Negatif,kerja loket parah antre panjang kendali
2026-04-11,Cepat tanggap saat saya merasa agak pusing setelah diambil darah.,Positif,cepat tanggap saya rasa pusing ambil darah
2026-04-12,Alat yang digunakan selalu ditunjukkan masih tersegel rapi.,Positif,alat guna selalu tunjuk segel rapi
2026-04-12,Saya merasa sangat dihargai sebagai pendonor oleh petugas medis.,Positif,rasa sangat harga donor tugas medis
2026-04-13,"Proses normal, tidak terlalu berbeda dari sebelumnya.",Netral,proses normal terlalu beda belum
2026-04-13,Kapas dan plester ditutup dengan sangat rapi dan darah berhenti total.,Positif,kapas plester tutup sangat rapi darah henti total
2026-04-14,Panggilan nomor antrean suaranya kurang jelas dari ruang tunggu luar.,Negatif,panggil nomor antre suara kurang jelas ruang tunggu luar
2026-04-14,Fasilitasnya sangat mendukung kenyamanan pengunjung yang datang.,Positif,fasilitas sangat dukung nyaman unjung datang
2026-04-15,Sangat cepat dan petugas lab-nya cekatan. Layanannya berkelas.,Positif,sangat cepat tugas lab nya cekat layan kelas
2026-04-15,Pelayanan memuaskan dan perawatnya murah senyum semua.,Positif,layan muas awat murah senyum semua
2026-04-15,Rutinitas donor tiga bulanan berjalan dengan lancar tanpa hambatan.,Netral,rutinitas donor tiga bulan jalan lancar hambat
2026-04-16,Petugas dengan sigap membantu mengambilkan air minum hangat.,Positif,tugas sigap bantu ambil air minum hangat
2026-04-16,Sangat merekomendasikan tempat ini bagi yang ingin rutin berdonor.,Positif,sangat rekomendasi tempat bagi ingin rutin donor
2026-04-17,Toilet kotor dan basah tolong petugas *cleaning service* lebih sigap.,Negatif,toilet kotor basah tugas cleaning service lebih sigap
2026-04-17,Pelayanan dari ujung ke ujung sangat sopan dan beretika tinggi.,Positif,layan ujung ujung sangat sopan etika tinggi
2026-04-18,Sangat efisien prosesnya tidak membuang waktu libur saya.,Positif,sangat efisien proses buang waktu libur
2026-04-18,Proses donor berjalan normal seperti biasa tidak ada kendala.,Netral,proses donor jalan normal biasa ada kendala
2026-04-19,Apresiasi untuk satpam yang sangat membantu mengarahkan parkir.,Positif,apresiasi satpam sangat bantu arah parkir
2026-04-19,Banyak edukasi menarik yang tertempel rapi di ruang tunggu.,Positif,banyak edukasi tarik tempel rapi ruang tunggu
2026-04-20,Semakin hari pelayanannya makin bagus dan ditunjang alat modern.,Positif,makin hari layan makin bagus tunjang alat modern
2026-04-20,Sistem komputer error jadi proses pendaftaran manual dan lama.,Negatif,sistem komputer error jadi proses daftar manual lama
2026-04-20,Sangat memuaskan antrean tertib dan kursi tunggunya empuk.,Positif,sangat muas antre tertib kursi tunggu empuk
2026-04-21,Standar kesehatan terjaga dengan baik. Kunjungan rutin berjalan mulus.,Netral,standar sehat jaga baik kunjung rutin jalan mulus
2026-04-21,Petugas handal sekali vena saya yang tersembunyi bisa langsung ketemu.,Positif,tugas handal sekali vena yang sembunyi langsung ketemu
2026-04-22,Sangat apresiasi kebersihan musala yang tersedia di lobi.,Positif,sangat apresiasi bersih musala sedia lobi
2026-04-22,Layanan prima. Fasilitas gedung baru ini memberikan kenyamanan ekstra.,Positif,layan prima fasilitas gedung baru beri nyaman ekstra
2026-04-23,Pelayanan jelek dan petugas lambat menangani antrean.,Negatif,layan jelek tugas lambat tangan antre
2026-04-23,Pengalaman donor darah yang menyenangkan. Akan terus donor di sini.,Positif,alam donor darah senang terus donor sini
2026-04-24,Donor rutin lancar tanpa kendala. Tidak ada masalah berarti.,Netral,donor rutin lancar kendala ada masalah arti
2026-04-24,Sangat puas dengan pelayanan yang cepat dan tepat sasaran.,Positif,sangat puas layan cepat tepat sasar
2026-04-25,Ruangan pelayanan terasa sangat higienis bebas dari debu.,Positif,ruang layan asa sangat higienis bebas debu
2026-04-25,Suka dengan sistem antrean yang sudah menggunakan teknologi canggih.,Positif,suka sistem antre sudah guna teknologi canggih
2026-04-25,Tolong sediakan lebih banyak tempat sampah di area luar gedung.,Negatif,sedia lebih banyak tempat sampah area luar gedung
2026-04-26,Satpam sangat cepat tanggap memberikan arahan bagi kendaraan.,Positif,satpam sangat cepat tanggap beri arah kendara
2026-04-26,Proses observasi pasca donor sangat diperhatikan dengan baik.,Positif,proses observasi pasca donor sangat perhati baik
2026-04-27,Selesai donor tepat waktu tidak ada hal yang istimewa.,Netral,selesai donor tepat waktu ada yang istimewa
2026-04-27,Fasilitas top dan kualitas pelayanan sangat memuaskan.,Positif,fasilitas top kualitas layan sangat muas
2026-04-28,Dokter sangat teliti memeriksa tekanan darah dan riwayat obat.,Positif,dokter sangat teliti periksa tekan darah riwayat obat
2026-04-28,Ruangan agak berisik karena petugas saling mengobrol dengan keras.,Negatif,ruang berisik tugas saling obrol keras
2026-04-29,Pelayanan di hari libur tetap maksimal dan penuh semangat.,Positif,layan hari libur tetap maksimal penuh semangat
2026-04-29,Sangat menghargai pelayanan petugas hari ini. Mantap sekali.,Positif,sangat harga layan tugas hari mantap sekali
2026-04-30,Prosedur standar dan berjalan sesuai antrean.,Netral,prosedur standar jalan sesuai antre
2026-04-30,Fasilitasnya top dan kualitas layanannya memang sangat teruji.,Positif,fasilitas top kualitas layan memang sangat uji
2026-05-01,Pelayanan awal bulan Mei yang sangat cepat dan memuaskan hati.,Positif,layan awal bulan mei sangat cepat muas hati
2026-05-01,"Pelayanannya juara, top, dan recommended untuk donor rutin.",Positif,layan juara top recommended donor rutin
2026-05-02,Biasa saja layaknya pelayanan instansi publik pada umumnya.,Netral,biasa layak layan instansi publik umum
2026-05-02,Petugas pendaftaran salah menginput golongan darah saya di form pendaftaran. Tolong perhatikan karena ini sangat fatal jika ditransfusikan!,Negatif,tugas daftar salah menginput golong darah di form daftar perhati ini sangat fatal transfusi
2026-05-03,Sangat terkesan dengan fasilitas gedung yang rapi dan kekinian.,Positif,sangat kes fasilitas gedung rapi kini
2026-05-03,Alat-alat medis yang digunakan selalu ditunjukkan segelnya masih utuh.,Positif,alat alat medis guna selalu tunjuk segel utuh
2026-05-04,Sangat cepat daftar via mesin antrean mandiri sangat efisien.,Positif,sangat cepat daftar via mesin antre mandiri sangat efisien
2026-05-04,Petugas kurang ramah dan terlihat kelelahan saat melayani antrean.,Negatif,tugas kurang ramah lihat lelah layan antre
2026-05-05,Mendonorkan darah jadi rutinitas yang menyenangkan berkat staf PMI.,Positif,donor darah jadi rutinitas senang berkat staf pmi
2026-05-05,Kunjungan yang lancar tanpa ada hambatan operasional sama sekali.,Netral,kunjung lancar ada hambat operasional sama sekali
2026-05-05,Fasilitas lengkap dan prosedur kebersihan selalu dijaga dengan ketat.,Positif,fasilitas lengkap prosedur bersih selalu jaga ketat
2026-05-06,Sangat terbantu dengan informasi ketersediaan darah di ruang lobi.,Positif,sangat bantu informasi sedia darah ruang lobi
2026-05-06,Proses donor berjalan normal seperti biasa tidak ada kendala.,Netral,proses donor jalan normal biasa ada kendala
2026-05-07,"Kondisi ruang tunggu jelek, kotor, dan tidak nyaman.",Negatif,kondisi ruang tunggu jelek kotor tidak nyaman
2026-05-07,Layanannya sangat berkelas dan profesional setara rumah sakit.,Positif,layan sangat kelas profesional tara rumah sakit
2026-05-08,Sangat edukatif banyak *banner* informasi kesehatan yang berguna.,Positif,sangat edukatif banyak banner informasi sehat guna
2026-05-08,Sangat mengapresiasi kinerja seluruh petugas PMI yang tak kenal lelah.,Positif,sangat apresiasi kerja seluruh tugas pmi tak kenal lelah
2026-05-09,Pelayanannya cepat jadi saya bisa langsung kembali beraktivitas.,Positif,layan cepat jadi bisa langsung aktivitas
2026-05-09,Tidak ada masalah sejauh ini pelayanan berjalan standar UDD.,Netral,ada masalah jauh layan jalan standar udd
2026-05-10,Ruangan sangat bersih bebas dari debu dan lantainya mengkilap.,Positif,ruang sangat bersih bebas debu lantai kilap
2026-05-10,Parkiran motor ditata berantakan sehingga sulit mengeluarkan motor.,Negatif,parkir motor tata beranta sulit keluar motor
2026-05-10,Dokter jaga selalu siaga melayani konsultasi kesehatan saya.,Positif,dokter jaga selalu siaga layan konsultasi sehat
2026-05-11,Sangat mudah proses pendaftarannya tidak membingungkan sama sekali.,Positif,sangat mudah proses daftar bingung sama sekali
2026-05-11,Antrean tertib dan kursi ruang tunggunya sangat memadai.,Positif,antre tertib kursi ruang tunggu sangat pada
2026-05-12,Selesai donor tepat waktu tidak ada yang terlalu spesial.,Netral,selesai donor tepat waktu ada terlalu spesial
2026-05-12,Kapas dan plester ditutup dengan sangat rapi dan darah tidak rembes.,Positif,kapas plester tutup sangat rapi darah rembes
2026-05-13,Fasilitas buruk dan kondisi ruangan parah sekali.,Negatif,fasilitas buruk kondisi ruang parah sekali
2026-05-13,Petugas cepat tanggap menangani pendonor yang terlihat pucat.,Positif,tugas cepat tanggap tangan donor lihat pucat
2026-05-14,Pelayanan memuaskan dari waktu ke waktu terus meningkat pesat.,Positif,layan muas waktu waktu terus tingkat pesat
2026-05-14,Ruangan observasi sangat nyaman dilengkapi televisi hiburan.,Positif,ruang observasi sangat nyaman lengkap televisi hibur
2026-05-15,Perawat sangat sopan dan selalu meminta izin sebelum menyuntik.,Positif,awat sangat sopan selalu minta izin suntik
2026-05-15,Prosedur screening berjalan sesuai standar operasional yang baku.,Netral,prosedur screening jalan sesuai standar operasional baku
2026-05-15,Sangat terorganisir antreannya dari mulai daftar sampai ambil suvenir.,Positif,sangat organisir antre mulai daftar ambil suvenir
2026-05-16,Petugas di loket pendaftaran sibuk main HP sehingga lambat merespons.,Negatif,tugas loket daftar sibuk main hp lambat respons
2026-05-16,Sangat terbantu dengan panduan alur donor yang dipasang di dinding.,Positif,sangat bantu pandu alur donor pasang dinding
2026-05-17,Toilet dan musala sangat bersih serta terawat dengan sangat baik.,Positif,toilet musala sangat bersih awat sangat baik
2026-05-17,Vena saya yang kecil bisa langsung ditemukan oleh perawat tanpa kendala.,Positif,vena yang kecil langsung temu awat kendala
2026-05-18,Terima kasih atas keramahan seluruh staf yang bertugas melayani hari ini.,Positif,terima kasih atas ramah seluruh staf tugas layan hari
2026-05-18,Hanya mampir untuk donor rutin. Pelayanan cukup memadai.,Netral,mampir donor rutin layan cukup pada
2026-05-19,Sangat efisien dari loket daftar sampai ruang observasi pemulihan.,Positif,sangat efisien loket daftar ruang observasi pulih
2026-05-19,Pelayanan tidak profesional dan antrean panjang dibiarkan.,Negatif,layan profesional antre panjang biar
2026-05-20,Proses cek tekanan darah dilakukan dengan alat modern yang akurat.,Positif,proses cek tekan darah laku alat modern akurat
2026-05-20,Mantap pelayanannya sangat prima dan memanjakan para pendonor.,Positif,mantap layan sangat prima manja donor
2026-05-21,Pelayanan PMI 24 jam sangat membantu warga dalam kondisi darurat.,Positif,layan pmi jam sangat bantu warga kondisi darurat
2026-05-21,Semuanya biasa saja berjalan sesuai nomor antrean pendaftaran.,Netral,semua biasa jalan sesuai nomor antre daftar
2026-05-22,Sangat merekomendasikan PMI Cirebon untuk pengalaman berdonor yang aman.,Positif,sangat rekomendasi pmi cirebon alam donor aman
2026-05-22,Penanganan pasca donor sangat diperhatikan dengan detail oleh perawat.,Positif,tangan pasca donor sangat perhati detail awat
2026-05-23,Ada lalat di area ruang tunggu tolong kebersihannya lebih dijaga.,Negatif,lalat area ruang tunggu bersih lebih jaga
2026-05-23,Sangat salut dengan dedikasi para petugas kesehatan di sini.,Positif,sangat salut dedikasi tugas sehat sini
2026-05-24,Sistem komputerisasi membuat pencarian *database* jadi sangat singkat.,Positif,sistem komputerisasi buat cari database jadi sangat singkat
2026-05-24,Alat yang digunakan selalu ditunjukkan masih tersegel rapi.,Positif,alat guna selalu tunjuk segel rapi
2026-05-25,Suasana ruangan tenang dan tidak berisik bikin rileks pikiran.,Positif,suasana ruang tenang tidak berisik bikin rileks pikir
2026-05-25,Rutinitas donor tiga bulanan berjalan dengan lancar tanpa hambatan.,Netral,rutinitas donor tiga bulan jalan lancar hambat
2026-05-26,Pelayanan petugas lab sangat cepat dan hasilnya memuaskan.,Positif,layan tugas lab sangat cepat hasil muas
2026-05-26,Petugas kasar ketika menjelaskan aturan kepada pendonor.,Negatif,tugas kasar jelas atur donor
2026-05-27,Bingkisan snack sangat memulihkan tenaga sehabis diambil darah.,Positif,bingkis snack sangat pulih tenaga habis ambil darah
2026-05-27,Sangat apresiasi kebersihan area bed donor yang disterilkan ulang.,Positif,sangat apresiasi bersih area bed donor steril ulang
2026-05-28,Standar layanan sudah sangat bagus. Tidak ada keluhan.,Netral,standar layan sangat bagus ada keluh
2026-05-28,Sangat responsif menjawab pertanyaan saya mengenai kesehatan.,Positif,sangat responsif jawab tanya kena sehat
2026-05-29,Hasil pelayanan sangat memuaskan dan alurnya jelas.,Positif,hasil layan sangat muas alur jelas
2026-05-29,Sangat senang dengan keramahan security yang menyambut di depan.,Positif,sangat senang ramah security sambut depan
2026-05-30,Tidak ada masalah prosedur dijalankan dengan sangat tertib.,Netral,ada masalah prosedur jalan sangat tertib
2026-05-30,Saya sangat puas bisa rutin membantu sesama lewat PMI ini.,Positif,sangat puas rutin bantu sama lewat pmi
2026-05-31,Tenaga medis sangat telaten merawat pendonor yang sempat lemas.,Positif,tenaga medis sangat telaten rawat donor sempat lemas
2026-05-31,Terima kasih sudah memberikan pelayanan kesehatan yang jempolan.,Positif,terima kasih beri layan sehat jempol
2026-06-01,Mengawali bulan Juni dengan layanan donor yang sangat ramah.,Positif,awal bulan juni layan donor sangat ramah
2026-06-01,Petugas medis sangat cekatan dan profesional dalam mencari pembuluh darah.,Positif,tugas medis sangat cekat profesional cari buluh darah
2026-06-02,Lengan saya bengkak membiru karena perawat menusuk berulang kali dan gagal menemukan vena. Tolong evaluasi kompetensi petugas pengambil darah!,Negatif,lengan bengkak biru awat tusuk ulang kali gagal temu vena evaluasi kompetensi tugas ambil darah
2026-06-02,Saya rutin donor di sini. Biasa saja dan standar UDD.,Netral,rutin donor sini biasa dan standar udd
2026-06-03,Gedung bersih dan fasilitas sangat nyaman untuk pengunjung.,Positif,gedung bersih fasilitas sangat nyaman unjung
2026-06-03,Tempat ini keren dan recommended untuk pendonor baru.,Positif,tempat keren recommended donor baru
2026-06-04,Datang untuk donor darah rutin proses berjalan standar.,Netral,datang donor darah rutin proses jalan standar
2026-06-04,Petugas kasar dan tidak profesional saat menjawab pertanyaan.,Negatif,tugas kasar tidak profesional jawab tanya
2026-06-04,Petugas sangat ramah dan sabar melayani pendonor lansia.,Positif,tugas sangat ramah sabar layan donor lansia
2026-06-05,Ruang tunggu sangat nyaman dan banyak kursi empuk.,Positif,ruang tunggu sangat nyaman banyak kursi empuk
2026-06-05,Prosedur berjalan normal tidak ada kendala berarti hari ini.,Netral,prosedur jalan normal ada kendala arti hari
2026-06-06,Dokter screening memberikan penjelasan kesehatan yang sangat mendetail.,Positif,dokter screening beri jelas sehat sangat detail
2026-06-06,Sangat efisien tidak butuh waktu lama untuk selesai mendonorkan darah.,Positif,sangat efisien butuh waktu lama selesai donor darah
2026-06-07,Sangat lambat pergerakan antreannya petugasnya asyik mengobrol.,Negatif,sangat lambat gera antre tugas asyik obrol
2026-06-07,Selalu senang berdonor di sini karena layanannya bintang lima.,Positif,selalu senang donor sini layan bintang lima
2026-06-08,Sistem antrean online sangat memudahkan pendaftaran dari rumah.,Positif,sistem antre online sangat mudah daftar rumah
2026-06-08,Petugas sigap membantu mengambilkan air minum setelah saya merasa lemah.,Positif,tugas sigap bantu ambil air minum saya rasa lemah
2026-06-09,Rutinitas donor berjalan dengan lancar tanpa hambatan apapun.,Netral,rutinitas donor jalan lancar hambat apa
2026-06-09,Suvenir tas yang diberikan sangat bermanfaat. Terima kasih PMI.,Positif,suvenir tas beri sangat manfaat terima kasih pmi
2026-06-09,Hasil cek HB lab keluar sangat cepat tidak perlu menunggu lama.,Positif,hasil cek hb lab keluar sangat cepat perlu tunggu lama
2026-06-10,Suasana ruangan tenang sangat mendukung kenyamanan mental pendonor.,Positif,suasana ruang tenang sangat dukung nyaman mental donor
2026-06-10,Lantai koridor licin sehabis dipel tidak ada tanda peringatan bahaya.,Negatif,lantai koridor licin habis pel ada tanda ingat bahaya
2026-06-11,Aplikasi pendaftaran donor sangat membantu jadi tidak perlu lama mengantre.,Positif,aplikasi daftar donor sangat bantu jadi perlu lama antre
2026-06-11,Segel jarum dibuka tepat di depan mata saya. Sangat terjamin steril.,Positif,segel jarum buka tepat depan mata sangat jamin steril
2026-06-12,Semuanya biasa saja berjalan sesuai dengan standar yang ada.,Netral,semua biasa jalan sesuai standar ada
2026-06-12,Sistem komputer yang baru membuat proses jauh lebih ngebut.,Positif,sistem komputer baru buat proses jauh lebih ngebut
2026-06-13,Sangat bangga bisa donor di PMI Cirebon yang fasilitasnya hebat.,Positif,sangat bangga donor pmi cirebon fasilitas hebat
2026-06-13,Fasilitas bagus dan pelayanan donor terasa juara.,Positif,fasilitas bagus layan donor asa juara
2026-06-14,Antrean panjang membuat pelayanan menjadi sangat lambat.,Negatif,antre panjang buat layan jadi sangat lambat
2026-06-14,Sangat merekomendasikan PMI Cirebon untuk teman-teman di kantor.,Positif,sangat rekomendasi pmi cirebon teman teman kantor
2026-06-14,Pelayanan sampai malam hari sangat menolong warga yang sibuk.,Positif,layan malam hari sangat tolong warga sibuk
2026-06-15,Hanya mampir untuk donor rutin. Pelayanan cukup memadai.,Netral,mampir donor rutin layan cukup pada
2026-06-15,Pelayanannya mantap sangat prima dan menghargai para pendonor.,Positif,layan mantap sangat prima harga donor
2026-06-16,Proses tensi darah cepat dan alat yang digunakan canggih.,Positif,proses tensi darah cepat alat guna canggih
2026-06-16,Sangat efisien dari loket daftar sampai ruang observasi.,Positif,sangat efisien loket daftar ruang observasi
2026-06-17,"Petugas tidak ramah, bahkan terkesan sombong kepada pendonor.",Negatif,tugas ramah bahkan kes sombong donor
2026-06-17,Saya puas dengan pelayanan yang mantap dan teratur.,Positif,puas layan mantap atur
2026-06-18,Jarum langsung masuk pas ke pembuluh darah karena perawatnya jago.,Positif,jarum langsung masuk pas buluh darah awat jago
2026-06-18,Prosedur screening berjalan sesuai standar operasional yang baku.,Netral,prosedur screening jalan sesuai standar operasional baku
2026-06-19,Toilet pendonor wangi bersih dan sabun cuci tangan selalu tersedia.,Positif,toilet donor wangi bersih sabun cuci tangan selalu sedia
2026-06-19,Sangat terbantu dengan panduan alur donor yang jelas di lokasi.,Positif,sangat bantu pandu alur donor jelas lokasi
2026-06-20,Stok kantong darah jenis apheresis sedang kosong sayang sekali.,Negatif,stok kantong darah jenis apheresis sedang kosong sayang sekali
2026-06-20,Sangat terorganisir antreannya tidak membingungkan sama sekali.,Positif,sangat organisir antre bingung sama sekali
2026-06-21,Ruangan pemulihan nyaman dilengkapi televisi untuk hiburan relaksasi.,Positif,ruang pulih nyaman lengkap televisi hibur relaksasi
2026-06-21,Pelayanan memuaskan dari waktu ke waktu terus konsisten baik.,Positif,layan muas waktu waktu terus konsisten baik
2026-06-22,Layanan standar dengan kondisi ruangan yang wajar.,Netral,layan standar kondisi ruang wajar
2026-06-22,Petugas tanggap memberikan arahan bagi pendonor yang baru pertama kali.,Positif,tugas tanggap beri arah donor baru pertama kali
2026-06-23,Sangat puas mendonorkan darah secara rutin di tempat yang higienis ini.,Positif,sangat puas donor darah rutin tempat higienis
2026-06-23,Sangat mudah proses pendaftarannya apalagi sekarang pakai layar sentuh.,Positif,sangat mudah proses daftar sekarang pakai layar sentuh
2026-06-24,AC di dekat bed donor terlalu dingin hingga saya menggigil.,Negatif,ac dekat bed donor terlalu dingin hingga gigil
2026-06-24,Dokter jaga selalu siaga menjawab pertanyaan konsultasi kesehatan saya.,Positif,dokter jaga selalu siaga jawab tanya konsultasi sehat
2026-06-24,Ruangan sangat bersih bebas dari debu dan kuman.,Positif,ruang sangat bersih bebas debu kuman
2026-06-25,Tidak ada masalah sejauh ini pelayanan berjalan standar UDD.,Netral,ada masalah jauh layan jalan standar udd
2026-06-25,Pelayanannya cepat jadi bisa manfaatkan jam istirahat siang.,Positif,layan cepat jadi manfaat jam istirahat siang
2026-06-26,Sangat mengapresiasi kinerja seluruh petugas PMI yang tak kenal lelah.,Positif,sangat apresiasi kerja seluruh tugas pmi tak kenal lelah
2026-06-26,Sangat edukatif banyak *banner* informasi gizi yang berguna di lobi.,Positif,sangat edukatif banyak banner informasi gizi guna lobi
2026-06-27,Saya merasa kurang diperhatikan saat istirahat pasca donor.,Negatif,rasa kurang perhati istirahat pasca donor
2026-06-27,Layanannya sangat berkelas dan profesional setara rumah sakit besar.,Positif,layan sangat kelas profesional tara rumah sakit besar
2026-06-28,Proses donor berjalan normal seperti biasa tidak ada kendala.,Netral,proses donor jalan normal biasa ada kendala
2026-06-28,Sangat terbantu dengan aplikasi informasi stok darah yang akurat.,Positif,sangat bantu aplikasi informasi stok darah akurat
2026-06-29,Kondisi ruangan wajar dan proses berjalan normal.,Netral,kondisi ruang wajar proses jalan normal
2026-06-29,"Pelayanan bagus sekali, petugas profesional dan komunikatif.",Positif,layan bagus sekali tugas profesional komunikatif
2026-06-30,Fasilitas lengkap dan prosedur kebersihan selalu dijaga dengan ketat.,Positif,fasilitas lengkap prosedur bersih selalu jaga ketat
2026-06-30,Sangat terorganisir alur antreannya dari masuk sampai keluar ruangan.,Positif,sangat organisir alur antre masuk keluar ruang
2026-06-30,Pelayanan cepat saya sangat merekomendasikan tempat ini.,Positif,layan cepat sangat rekomendasi tempat
2026-06-30,Penanganan paska donor sangat diperhatikan dengan teliti.,Positif,tangan paska donor sangat perhati teliti
2026-06-30,Saya merekomendasikan PMI karena pelayanannya top.,Positif,rekomendasi pmi layan top
2026-06-30,PMI Cirebon sukses selalu melayani masyarakat dengan prima.,Positif,pmi cirebon sukses selalu layan masyarakat prima
2026-06-30,Saya donor setiap tiga bulan sekali sejauh ini layanannya standar saja.,Netral,donor tiga bulan sekali jauh layan standar
2026-06-30,Saya selalu merasa dihargai sebagai pahlawan kemanusiaan oleh staf di sini.,Positif,selalu rasa harga pahlawan manusia staf sini
2026-06-30,Terus tingkatkan mutu pelayanan donor darah untuk masyarakat.,Positif,terus tingkat mutu layan donor darah masyarakat
2026-06-30,PMI memberikan pengalaman donor yang luar biasa baik.,Positif,pmi beri alam donor luar biasa baik
2026-04-05,Layanan prima dan tenaga medisnya sangat profesional.,Positif,layan prima tenaga medis sangat profesional
2026-04-12,Pelayanan donor darah reguler tanpa kendala berarti.,Netral,layan donor darah reguler kendala arti
2026-04-20,Ruang observasi sangat nyaman untuk pemulihan pasca donor.,Positif,ruang observasi sangat nyaman pulih pasca donor
2026-05-02,Sangat cepat dan efisien pelayanannya mantap PMI.,Positif,sangat cepat efisien layan mantap pmi
2026-05-10,Petugas sigap melayani pendonor yang baru pertama kali datang.,Positif,tugas sigap layan donor baru pertama kali datang
2026-05-18,Agak lama menunggu giliran dipanggil ke bed donor hari ini.,Negatif,lama tunggu gilir panggil bed donor hari
2026-05-25,Terima kasih atas pelayanan yang luar biasa baik dari staf.,Positif,terima kasih atas layan luar biasa baik staf
2026-06-05,AC di ruang tunggu sangat dingin dan nyaman sekali.,Positif,ac ruang tunggu sangat dingin nyaman sekali
2026-06-10,Prosedur standar dijalankan dengan sangat tertib oleh petugas.,Netral,prosedur standar jalan sangat tertib tugas
2026-06-15,"Suasana nyaman, fasilitas keren, dan pelayanan bagus.",Positif,suasana nyaman fasilitas keren layan bagus
2026-06-20,"Ruang tunggu bau, kotor, dan tidak nyaman bagi pendonor.",Negatif,ruang tunggu bau kotor tidak nyaman donor
2026-06-25,Fasilitas lengkap dan sangat memadai untuk pendonor.,Positif,fasilitas lengkap sangat pada donor
